{"cameraMode":{"drawMode":0,"name":"Shaded","section":"Shading Mode"},"sceneLighting":true,"audioPlay":false,"sceneViewState":{"showFog":true,"showMaterialUpdate":true,"showSkybox":true,"showFlares":true,"showImageEffects":true,"showParticleSystems":true},"in2DMode":false,"pivot":{"x":2.2651004791259767,"y":4.456508159637451,"z":-2.5784072875976564},"rotation":{"x":0.07911189645528794,"y":0.08721357583999634,"z":-0.006948111578822136,"w":0.9930205345153809},"size":54.51222229003906,"orthographic":false}