{"cameraMode":{"drawMode":0,"name":"Shaded","section":"Shading Mode"},"sceneLighting":true,"audioPlay":false,"sceneViewState":{"showFog":true,"showMaterialUpdate":true,"showSkybox":true,"showFlares":true,"showImageEffects":true,"showParticleSystems":true},"in2DMode":false,"pivot":{"x":2.0998713970184328,"y":8.86316967010498,"z":-13.504927635192871},"rotation":{"x":-0.3061518967151642,"y":0.09885929524898529,"z":-0.03198474273085594,"w":-0.9462984204292297},"size":29.10658836364746,"orthographic":false}