{"cameraMode":{"drawMode":0,"name":"Shaded","section":"Shading Mode"},"sceneLighting":true,"audioPlay":false,"sceneViewState":{"showFog":true,"showMaterialUpdate":false,"showSkybox":true,"showFlares":true,"showImageEffects":true,"showParticleSystems":true},"in2DMode":false,"pivot":{"x":-1.407902717590332,"y":5.987163543701172,"z":-11.656869888305664},"rotation":{"x":-0.2639237344264984,"y":-0.24351821839809419,"z":0.06905406713485718,"w":-0.9307429790496826},"size":30.660173416137697,"orthographic":false}