{"cameraMode":{"drawMode":0,"name":"Shaded","section":"Shading Mode"},"sceneLighting":false,"audioPlay":false,"sceneViewState":{"showFog":true,"showMaterialUpdate":false,"showSkybox":false,"showFlares":true,"showImageEffects":true,"showParticleSystems":true},"in2DMode":false,"pivot":{"x":0.592792272567749,"y":0.7546864748001099,"z":-0.16882836818695069},"rotation":{"x":-0.12287745624780655,"y":-0.4994514286518097,"z":0.07181619852781296,"w":-0.8545759916305542},"size":3.9444563388824465,"orthographic":false}