{"cameraMode":{"drawMode":0,"name":"Shaded","section":"Shading Mode"},"sceneLighting":true,"audioPlay":false,"sceneViewState":{"showFog":true,"showMaterialUpdate":true,"showSkybox":true,"showFlares":true,"showImageEffects":true,"showParticleSystems":true},"in2DMode":false,"pivot":{"x":0.08124601095914841,"y":5.629048824310303,"z":-19.832571029663087},"rotation":{"x":-0.18580977618694306,"y":-0.005313695874065161,"z":0.001003921264782548,"w":-0.9825735092163086},"size":13.179474830627442,"orthographic":false}