{"cameraMode":{"drawMode":0,"name":"Shaded","section":"Shading Mode"},"sceneLighting":false,"audioPlay":false,"sceneViewState":{"showFog":true,"showMaterialUpdate":false,"showSkybox":false,"showFlares":true,"showImageEffects":true,"showParticleSystems":true},"in2DMode":false,"pivot":{"x":-0.3314581513404846,"y":-0.03201150894165039,"z":-0.0710439383983612},"rotation":{"x":0.38695427775382998,"y":-0.3281826376914978,"z":0.14964169263839723,"w":0.8486336469650269},"size":0.6975892782211304,"orthographic":false}