{"cameraMode":{"drawMode":0,"name":"Shaded","section":"Shading Mode"},"sceneLighting":true,"audioPlay":false,"sceneViewState":{"showFog":true,"showMaterialUpdate":false,"showSkybox":true,"showFlares":true,"showImageEffects":true,"showParticleSystems":true},"in2DMode":false,"pivot":{"x":-2.8328189849853517,"y":5.623840808868408,"z":-20.381309509277345},"rotation":{"x":0.1571621149778366,"y":0.1343497782945633,"z":-0.02158677577972412,"w":0.9781624674797058},"size":15.529693603515625,"orthographic":false}