{"cameraMode":{"drawMode":0,"name":"Shaded","section":"Shading Mode"},"sceneLighting":false,"audioPlay":false,"sceneViewState":{"showFog":true,"showMaterialUpdate":false,"showSkybox":false,"showFlares":true,"showImageEffects":true,"showParticleSystems":true},"in2DMode":false,"pivot":{"x":0.40319931507110598,"y":0.6396209001541138,"z":395.45703125},"rotation":{"x":0.021687760949134828,"y":0.9605081677436829,"z":-0.07827100902795792,"w":0.2661394774913788},"size":2.1731998920440676,"orthographic":false}