{"cameraMode":{"drawMode":0,"name":"Shaded","section":"Shading Mode"},"sceneLighting":false,"audioPlay":false,"sceneViewState":{"showFog":true,"showMaterialUpdate":false,"showSkybox":false,"showFlares":true,"showImageEffects":true,"showParticleSystems":true},"in2DMode":false,"pivot":{"x":9.087716102600098,"y":13.706645011901856,"z":8.215800285339356},"rotation":{"x":0.08655939251184464,"y":-0.8889074325561523,"z":0.40854281187057497,"w":0.1883428394794464},"size":16.61811637878418,"orthographic":false}