{"cameraMode":{"drawMode":0,"name":"Shaded","section":"Shading Mode"},"sceneLighting":false,"audioPlay":false,"sceneViewState":{"showFog":true,"showMaterialUpdate":false,"showSkybox":false,"showFlares":true,"showImageEffects":true,"showParticleSystems":true},"in2DMode":false,"pivot":{"x":0.15386712551116944,"y":0.7182230949401856,"z":395.8892517089844},"rotation":{"x":0.026828289031982423,"y":0.9598384499549866,"z":-0.09854468703269959,"w":0.26130881905555727},"size":1.5452344417572022,"orthographic":false}