{"cameraMode":{"drawMode":0,"name":"Shaded","section":"Shading Mode"},"sceneLighting":false,"audioPlay":false,"sceneViewState":{"showFog":true,"showMaterialUpdate":false,"showSkybox":false,"showFlares":true,"showImageEffects":true,"showParticleSystems":true},"in2DMode":false,"pivot":{"x":10.888240814208985,"y":-5.293819904327393,"z":-15.327529907226563},"rotation":{"x":0.04671842232346535,"y":0.9422783255577087,"z":-0.14849846065044404,"w":0.2964446544647217},"size":22.0,"orthographic":false}