{"cameraMode":{"drawMode":0,"name":"Shaded","section":"Shading Mode"},"sceneLighting":false,"audioPlay":false,"sceneViewState":{"showFog":true,"showMaterialUpdate":false,"showSkybox":false,"showFlares":true,"showImageEffects":true,"showParticleSystems":true},"in2DMode":false,"pivot":{"x":-14.75255012512207,"y":-5.977235317230225,"z":-12.025256156921387},"rotation":{"x":-0.07064038515090943,"y":0.8821850419044495,"z":-0.14038467407226563,"w":-0.44391006231307986},"size":22.0,"orthographic":false}