{"cameraMode":{"drawMode":0,"name":"Shaded","section":"Shading Mode"},"sceneLighting":false,"audioPlay":false,"sceneViewState":{"showFog":true,"showMaterialUpdate":false,"showSkybox":false,"showFlares":true,"showImageEffects":true,"showParticleSystems":true},"in2DMode":false,"pivot":{"x":-2.013700008392334,"y":3.424999952316284,"z":10.155200004577637},"rotation":{"x":0.2496316134929657,"y":0.10433276742696762,"z":-0.027064528316259385,"w":0.9623290300369263},"size":-4.588360786437988,"orthographic":false}