{"cameraMode":{"drawMode":0,"name":"Shaded","section":"Shading Mode"},"sceneLighting":false,"audioPlay":false,"sceneViewState":{"showFog":true,"showMaterialUpdate":false,"showSkybox":false,"showFlares":true,"showImageEffects":true,"showParticleSystems":true},"in2DMode":false,"pivot":{"x":-0.33205321431159975,"y":1.1751408576965333,"z":395.9591369628906},"rotation":{"x":0.02378200553357601,"y":0.9720370769500732,"z":-0.20444980263710023,"w":0.11306841671466828},"size":1.7337170839309693,"orthographic":false}