{"cameraMode":{"drawMode":0,"name":"Shaded","section":"Shading Mode"},"sceneLighting":false,"audioPlay":false,"sceneViewState":{"showFog":true,"showMaterialUpdate":false,"showSkybox":false,"showFlares":true,"showImageEffects":true,"showParticleSystems":true},"in2DMode":false,"pivot":{"x":0.1284933090209961,"y":10.522632598876954,"z":-2.6329593658447267},"rotation":{"x":0.302117258310318,"y":0.14791961014270783,"z":-0.04751588776707649,"w":0.9405288696289063},"size":147.92796325683595,"orthographic":false}