{"cameraMode":{"drawMode":0,"name":"Shaded","section":"Shading Mode"},"sceneLighting":false,"audioPlay":false,"sceneViewState":{"showFog":true,"showMaterialUpdate":false,"showSkybox":false,"showFlares":true,"showImageEffects":true,"showParticleSystems":true},"in2DMode":false,"pivot":{"x":0.3271578252315521,"y":-0.8144031763076782,"z":-1.9680759906768799},"rotation":{"x":0.04486577585339546,"y":0.940036416053772,"z":-0.3094332814216614,"w":0.13630908727645875},"size":8.199970245361329,"orthographic":false}