{"cameraMode":{"drawMode":0,"name":"Shaded","section":"Shading Mode"},"sceneLighting":true,"audioPlay":false,"sceneViewState":{"showFog":true,"showMaterialUpdate":false,"showSkybox":true,"showFlares":true,"showImageEffects":true,"showParticleSystems":true},"in2DMode":false,"pivot":{"x":102.1578369140625,"y":16.786577224731447,"z":-134.33975219726563},"rotation":{"x":-0.0037027723155915739,"y":0.9511973261833191,"z":0.011414540000259877,"w":0.3083679974079132},"size":198.90223693847657,"orthographic":false}