{"cameraMode":{"drawMode":0,"name":"Shaded","section":"Shading Mode"},"sceneLighting":true,"audioPlay":false,"sceneViewState":{"showFog":true,"showMaterialUpdate":false,"showSkybox":true,"showFlares":true,"showImageEffects":true,"showParticleSystems":true},"in2DMode":false,"pivot":{"x":-1.0397071838378907,"y":-15.597938537597657,"z":6.206230163574219},"rotation":{"x":-0.32291677594184878,"y":0.0005649615777656436,"z":-0.00019264762522652745,"w":-0.9464275240898132},"size":62.8029670715332,"orthographic":false}