{"cameraMode":{"drawMode":0,"name":"Shaded","section":"Shading Mode"},"sceneLighting":true,"audioPlay":false,"sceneViewState":{"showFog":true,"showMaterialUpdate":false,"showSkybox":true,"showFlares":true,"showImageEffects":true,"showParticleSystems":true},"in2DMode":false,"pivot":{"x":-0.2939278185367584,"y":1.3089685440063477,"z":13.581642150878907},"rotation":{"x":-0.07074983417987824,"y":0.0035879870411008598,"z":-0.0002543883747421205,"w":-0.9974872469902039},"size":44.72835922241211,"orthographic":false}