{"cameraMode":{"drawMode":0,"name":"Shaded","section":"Shading Mode"},"sceneLighting":false,"audioPlay":false,"sceneViewState":{"showFog":true,"showMaterialUpdate":false,"showSkybox":false,"showFlares":true,"showImageEffects":true,"showParticleSystems":true},"in2DMode":false,"pivot":{"x":-0.11017774790525437,"y":0.608623743057251,"z":397.1280517578125},"rotation":{"x":-0.008702500723302365,"y":0.9692010879516602,"z":-0.24367135763168336,"w":-0.034614261239767078},"size":3.8995792865753176,"orthographic":false}