{"cameraMode":{"drawMode":0,"name":"Shaded","section":"Shading Mode"},"sceneLighting":false,"audioPlay":false,"sceneViewState":{"showFog":true,"showMaterialUpdate":false,"showSkybox":false,"showFlares":true,"showImageEffects":true,"showParticleSystems":true},"in2DMode":false,"pivot":{"x":-1.099210262298584,"y":0.41248035430908205,"z":394.9017639160156},"rotation":{"x":0.017756730318069459,"y":-0.9491446614265442,"z":0.30960309505462649,"w":0.05443736910820007},"size":4.826393127441406,"orthographic":false}