{"cameraMode":{"drawMode":0,"name":"Shaded","section":"Shading Mode"},"sceneLighting":false,"audioPlay":false,"sceneViewState":{"showFog":true,"showMaterialUpdate":false,"showSkybox":false,"showFlares":true,"showImageEffects":true,"showParticleSystems":true},"in2DMode":false,"pivot":{"x":2.1915221214294435,"y":-0.4698794186115265,"z":-2.070727825164795},"rotation":{"x":-0.053037628531455997,"y":-0.919856071472168,"z":0.1336723417043686,"w":-0.3649604916572571},"size":6.172418594360352,"orthographic":false}