{"cameraMode":{"drawMode":0,"name":"Shaded","section":"Shading Mode"},"sceneLighting":false,"audioPlay":false,"sceneViewState":{"showFog":true,"showMaterialUpdate":false,"showSkybox":false,"showFlares":true,"showImageEffects":true,"showParticleSystems":true},"in2DMode":false,"pivot":{"x":-0.1842527985572815,"y":0.15458260476589204,"z":394.06707763671877},"rotation":{"x":-0.06722000241279602,"y":-0.8268758654594421,"z":0.1012224480509758,"w":-0.5491104125976563},"size":3.8776352405548097,"orthographic":false}