{"cameraMode":{"drawMode":0,"name":"Shaded","section":"Shading Mode"},"sceneLighting":true,"audioPlay":false,"sceneViewState":{"showFog":true,"showMaterialUpdate":false,"showSkybox":true,"showFlares":true,"showImageEffects":true,"showParticleSystems":true},"in2DMode":false,"pivot":{"x":-5.364198684692383,"y":6.500852584838867,"z":-7.424301624298096},"rotation":{"x":-0.10613076388835907,"y":0.1888238489627838,"z":-0.02053254470229149,"w":-0.976047158241272},"size":9.041999816894532,"orthographic":false}