{"cameraMode":{"drawMode":0,"name":"Shaded","section":"Shading Mode"},"sceneLighting":true,"audioPlay":false,"sceneViewState":{"showFog":true,"showMaterialUpdate":false,"showSkybox":true,"showFlares":true,"showImageEffects":true,"showParticleSystems":true},"in2DMode":false,"pivot":{"x":0.10699200630187988,"y":7.412609100341797,"z":-10.745136260986329},"rotation":{"x":-0.08878573775291443,"y":-0.7266805768013,"z":0.09555885195732117,"w":-0.6745213866233826},"size":3.401561737060547,"orthographic":false}