{"cameraMode":{"drawMode":0,"name":"Shaded","section":"Shading Mode"},"sceneLighting":false,"audioPlay":false,"sceneViewState":{"showFog":true,"showMaterialUpdate":false,"showSkybox":false,"showFlares":true,"showImageEffects":true,"showParticleSystems":true},"in2DMode":false,"pivot":{"x":-0.04659481346607208,"y":-0.6088557243347168,"z":394.0631103515625},"rotation":{"x":-0.08776117861270905,"y":-0.9122418761253357,"z":0.2839988172054291,"w":-0.28189817070961},"size":5.1263933181762699,"orthographic":false}