{"cameraMode":{"drawMode":0,"name":"Shaded","section":"Shading Mode"},"sceneLighting":false,"audioPlay":false,"sceneViewState":{"showFog":true,"showMaterialUpdate":false,"showSkybox":false,"showFlares":true,"showImageEffects":true,"showParticleSystems":true},"in2DMode":false,"pivot":{"x":-0.9995867609977722,"y":0.5511825680732727,"z":395.50128173828127},"rotation":{"x":-0.14187800884246827,"y":-0.7843984365463257,"z":0.1947096586227417,"w":-0.571566641330719},"size":2.0514001846313478,"orthographic":false}