{"cameraMode":{"drawMode":0,"name":"Shaded","section":"Shading Mode"},"sceneLighting":false,"audioPlay":false,"sceneViewState":{"showFog":true,"showMaterialUpdate":false,"showSkybox":false,"showFlares":true,"showImageEffects":true,"showParticleSystems":true},"in2DMode":false,"pivot":{"x":5.428629398345947,"y":-3.645096778869629,"z":0.21415291726589204},"rotation":{"x":-0.2031722217798233,"y":-0.6534666419029236,"z":0.18848025798797608,"w":-0.7044041156768799},"size":12.034039497375489,"orthographic":false}