{"cameraMode":{"drawMode":0,"name":"Shaded","section":"Shading Mode"},"sceneLighting":false,"audioPlay":false,"sceneViewState":{"showFog":true,"showMaterialUpdate":false,"showSkybox":false,"showFlares":true,"showImageEffects":true,"showParticleSystems":true},"in2DMode":false,"pivot":{"x":0.32411372661590578,"y":5.35366678237915,"z":0.07787865400314331},"rotation":{"x":-0.0937369242310524,"y":-0.7801879644393921,"z":0.12055673450231552,"w":-0.6066247224807739},"size":2.753190755844116,"orthographic":false}