{"cameraMode":{"drawMode":0,"name":"Shaded","section":"Shading Mode"},"sceneLighting":false,"audioPlay":false,"sceneViewState":{"showFog":true,"showMaterialUpdate":false,"showSkybox":false,"showFlares":true,"showImageEffects":true,"showParticleSystems":true},"in2DMode":false,"pivot":{"x":0.8635091781616211,"y":0.6565030217170715,"z":395.7555236816406},"rotation":{"x":-0.0008745192317292094,"y":0.6783355474472046,"z":0.0008075535297393799,"w":0.7347521781921387},"size":3.8995792865753176,"orthographic":false}