{"cameraMode":{"drawMode":0,"name":"Shaded","section":"Shading Mode"},"sceneLighting":false,"audioPlay":false,"sceneViewState":{"showFog":true,"showMaterialUpdate":false,"showSkybox":false,"showFlares":true,"showImageEffects":true,"showParticleSystems":true},"in2DMode":false,"pivot":{"x":-0.7219007611274719,"y":0.5659363865852356,"z":394.9555969238281},"rotation":{"x":-0.055577076971530917,"y":-0.8122977614402771,"z":0.07847373187541962,"w":-0.5752696394920349},"size":3.04842472076416,"orthographic":false}