{"cameraMode":{"drawMode":0,"name":"Shaded","section":"Shading Mode"},"sceneLighting":false,"audioPlay":false,"sceneViewState":{"showFog":true,"showMaterialUpdate":false,"showSkybox":false,"showFlares":true,"showImageEffects":true,"showParticleSystems":true},"in2DMode":false,"pivot":{"x":10.201889991760254,"y":5.051000118255615,"z":-18.006086349487306},"rotation":{"x":-0.18003162741661073,"y":-0.7201650738716126,"z":0.20304565131664277,"w":-0.6385378241539002},"size":2.546097755432129,"orthographic":false}