{"cameraMode":{"drawMode":0,"name":"Shaded","section":"Shading Mode"},"sceneLighting":true,"audioPlay":false,"sceneViewState":{"showFog":true,"showMaterialUpdate":false,"showSkybox":false,"showFlares":true,"showImageEffects":true,"showParticleSystems":true},"in2DMode":false,"pivot":{"x":-8.279531478881836,"y":6.259086608886719,"z":13.856494903564454},"rotation":{"x":0.05201717093586922,"y":0.9353891015052795,"z":-0.1551748812198639,"w":0.3135386109352112},"size":7.975987911224365,"orthographic":false}