{"cameraMode":{"drawMode":0,"name":"Shaded","section":"Shading Mode"},"sceneLighting":false,"audioPlay":false,"sceneViewState":{"showFog":true,"showMaterialUpdate":false,"showSkybox":false,"showFlares":true,"showImageEffects":true,"showParticleSystems":true},"in2DMode":false,"pivot":{"x":-0.8000001907348633,"y":4.826718807220459,"z":-9.999999046325684},"rotation":{"x":0.25853869318962099,"y":0.05213451385498047,"z":-0.0139731764793396,"w":0.9644986987113953},"size":77.4636459350586,"orthographic":false}