{"cameraMode":{"drawMode":0,"name":"Shaded","section":"Shading Mode"},"sceneLighting":false,"audioPlay":false,"sceneViewState":{"showFog":true,"showMaterialUpdate":false,"showSkybox":false,"showFlares":true,"showImageEffects":true,"showParticleSystems":true},"in2DMode":false,"pivot":{"x":5.086658954620361,"y":-0.6188246011734009,"z":2.396209955215454},"rotation":{"x":0.15069490671157838,"y":0.47444066405296328,"z":-0.08281393349170685,"w":0.8633304834365845},"size":9.451505661010743,"orthographic":false}