{"cameraMode":{"drawMode":0,"name":"Shaded","section":"Shading Mode"},"sceneLighting":false,"audioPlay":false,"sceneViewState":{"showFog":true,"showMaterialUpdate":false,"showSkybox":false,"showFlares":true,"showImageEffects":true,"showParticleSystems":true},"in2DMode":false,"pivot":{"x":-2.8445885181427,"y":10.88365650177002,"z":-13.665053367614746},"rotation":{"x":0.2579740583896637,"y":0.11415932327508927,"z":-0.030714042484760286,"w":0.9588969349861145},"size":2.412686347961426,"orthographic":false}