{"cameraMode":{"drawMode":0,"name":"Shaded","section":"Shading Mode"},"sceneLighting":false,"audioPlay":false,"sceneViewState":{"showFog":true,"showMaterialUpdate":false,"showSkybox":false,"showFlares":true,"showImageEffects":true,"showParticleSystems":true},"in2DMode":false,"pivot":{"x":711.1971435546875,"y":550.8988037109375,"z":-35.4849853515625},"rotation":{"x":0.026330823078751565,"y":0.9447283744812012,"z":-0.31727343797683718,"w":0.07839891314506531},"size":496.95147705078127,"orthographic":false}