{"cameraMode":{"drawMode":0,"name":"Shaded","section":"Shading Mode"},"sceneLighting":true,"audioPlay":false,"sceneViewState":{"showFog":true,"showMaterialUpdate":false,"showSkybox":true,"showFlares":true,"showImageEffects":true,"showParticleSystems":true},"in2DMode":false,"pivot":{"x":-12.94803237915039,"y":5.149590969085693,"z":-10.370984077453614},"rotation":{"x":0.042766667902469638,"y":-0.8940944075584412,"z":0.08745044469833374,"w":0.43719807267189028},"size":22.02968978881836,"orthographic":false}