{"cameraMode":{"drawMode":0,"name":"Shaded","section":"Shading Mode"},"sceneLighting":false,"audioPlay":false,"sceneViewState":{"showFog":true,"showMaterialUpdate":false,"showSkybox":false,"showFlares":true,"showImageEffects":true,"showParticleSystems":true},"in2DMode":false,"pivot":{"x":0.1284933090209961,"y":10.522632598876954,"z":-2.6329593658447267},"rotation":{"x":-0.20436212420463563,"y":-0.003821771824732423,"z":0.0007934976601973176,"w":-0.9789065718650818},"size":147.92796325683595,"orthographic":false}