{"cameraMode":{"drawMode":0,"name":"Shaded","section":"Shading Mode"},"sceneLighting":false,"audioPlay":false,"sceneViewState":{"showFog":true,"showMaterialUpdate":false,"showSkybox":false,"showFlares":true,"showImageEffects":true,"showParticleSystems":true},"in2DMode":false,"pivot":{"x":3.6575827598571779,"y":-5.602766036987305,"z":14.72331428527832},"rotation":{"x":-0.1731846034526825,"y":-0.052570734173059466,"z":0.009253138676285744,"w":-0.9834607839584351},"size":44.43049240112305,"orthographic":false}