{"cameraMode":{"drawMode":0,"name":"Shaded","section":"Shading Mode"},"sceneLighting":true,"audioPlay":false,"sceneViewState":{"showFog":true,"showMaterialUpdate":true,"showSkybox":true,"showFlares":true,"showImageEffects":true,"showParticleSystems":true},"in2DMode":false,"pivot":{"x":-0.26015275716781618,"y":5.637925148010254,"z":-10.96917724609375},"rotation":{"x":-0.06177143007516861,"y":0.0020932822953909637,"z":-0.0001369211240671575,"w":-0.9981134533882141},"size":22.0,"orthographic":false}