{"cameraMode":{"drawMode":0,"name":"Shaded","section":"Shading Mode"},"sceneLighting":true,"audioPlay":false,"sceneViewState":{"showFog":true,"showMaterialUpdate":false,"showSkybox":true,"showFlares":true,"showImageEffects":true,"showParticleSystems":true},"in2DMode":false,"pivot":{"x":-2.3272387981414797,"y":0.44230610132217409,"z":-11.757095336914063},"rotation":{"x":-0.10949666053056717,"y":-0.6669226288795471,"z":0.09996488690376282,"w":-0.7302670478820801},"size":4.6917243003845219,"orthographic":false}