{"cameraMode":{"drawMode":0,"name":"Shaded","section":"Shading Mode"},"sceneLighting":false,"audioPlay":false,"sceneViewState":{"showFog":true,"showMaterialUpdate":false,"showSkybox":false,"showFlares":true,"showImageEffects":true,"showParticleSystems":true},"in2DMode":false,"pivot":{"x":0.3326711356639862,"y":1.1324553489685059,"z":1.239379644393921},"rotation":{"x":-0.2011510580778122,"y":0.05082545429468155,"z":-0.01045292429625988,"w":-0.9781894683837891},"size":3.021211624145508,"orthographic":false}