{"cameraMode":{"drawMode":0,"name":"Shaded","section":"Shading Mode"},"sceneLighting":false,"audioPlay":false,"sceneViewState":{"showFog":true,"showMaterialUpdate":false,"showSkybox":false,"showFlares":true,"showImageEffects":true,"showParticleSystems":true},"in2DMode":false,"pivot":{"x":0.016043314710259439,"y":0.7600952386856079,"z":0.0020763694774359466},"rotation":{"x":-0.00809282436966896,"y":0.9851743578910828,"z":-0.1643587201833725,"w":-0.04850885272026062},"size":2.931483745574951,"orthographic":false}