{"cameraMode":{"drawMode":0,"name":"Shaded","section":"Shading Mode"},"sceneLighting":true,"audioPlay":false,"sceneViewState":{"showFog":true,"showMaterialUpdate":true,"showSkybox":true,"showFlares":true,"showImageEffects":true,"showParticleSystems":true},"in2DMode":false,"pivot":{"x":-4.296873569488525,"y":11.678534507751465,"z":-7.642967700958252},"rotation":{"x":-0.2021983563899994,"y":-0.7867142558097839,"z":0.4799705743789673,"w":-0.3314202129840851},"size":26.799991607666017,"orthographic":false}