{"cameraMode":{"drawMode":0,"name":"Shaded","section":"Shading Mode"},"sceneLighting":false,"audioPlay":false,"sceneViewState":{"showFog":true,"showMaterialUpdate":true,"showSkybox":true,"showFlares":true,"showImageEffects":true,"showParticleSystems":true},"in2DMode":false,"pivot":{"x":0.7860575914382935,"y":0.08993291854858399,"z":0.5096158981323242},"rotation":{"x":-0.058570146560668948,"y":0.4665937125682831,"z":-0.030984926968812944,"w":-0.881987452507019},"size":3.920942783355713,"orthographic":false}