{"cameraMode":{"drawMode":0,"name":"Shaded","section":"Shading Mode"},"sceneLighting":true,"audioPlay":false,"sceneViewState":{"showFog":true,"showMaterialUpdate":true,"showSkybox":true,"showFlares":true,"showImageEffects":true,"showParticleSystems":true},"in2DMode":false,"pivot":{"x":3.607346534729004,"y":5.81629753112793,"z":1.2892876863479615},"rotation":{"x":0.1658114194869995,"y":-0.7679672241210938,"z":0.22025790810585023,"w":0.5781265497207642},"size":5.049174785614014,"orthographic":false}