{"cameraMode":{"drawMode":0,"name":"Shaded","section":"Shading Mode"},"sceneLighting":false,"audioPlay":false,"sceneViewState":{"showFog":true,"showMaterialUpdate":false,"showSkybox":false,"showFlares":true,"showImageEffects":true,"showParticleSystems":true},"in2DMode":false,"pivot":{"x":-1.3182811737060547,"y":1.3244372606277466,"z":0.5891871452331543},"rotation":{"x":0.0011352289002388716,"y":0.9944031238555908,"z":-0.10510902851819992,"w":0.010740941390395165},"size":6.116814613342285,"orthographic":false}