{"cameraMode":{"drawMode":0,"name":"Shaded","section":"Shading Mode"},"sceneLighting":false,"audioPlay":false,"sceneViewState":{"showFog":true,"showMaterialUpdate":true,"showSkybox":false,"showFlares":true,"showImageEffects":true,"showParticleSystems":true},"in2DMode":false,"pivot":{"x":-0.1359453946352005,"y":1.4157675504684449,"z":-0.9922771453857422},"rotation":{"x":-0.001506934640929103,"y":-0.9976516366004944,"z":-0.06443719565868378,"w":0.023346416652202607},"size":4.392636775970459,"orthographic":false}