{"cameraMode":{"drawMode":0,"name":"Shaded","section":"Shading Mode"},"sceneLighting":false,"audioPlay":false,"sceneViewState":{"showFog":true,"showMaterialUpdate":true,"showSkybox":false,"showFlares":true,"showImageEffects":true,"showParticleSystems":true},"in2DMode":false,"pivot":{"x":31.728635787963868,"y":29.53782844543457,"z":-21.028518676757814},"rotation":{"x":-0.009310372173786164,"y":-0.9822682738304138,"z":0.18026670813560487,"w":-0.050733182579278949},"size":156.42918395996095,"orthographic":false}