{"cameraMode":{"drawMode":0,"name":"Shaded","section":"Shading Mode"},"sceneLighting":false,"audioPlay":false,"sceneViewState":{"showFog":true,"showMaterialUpdate":true,"showSkybox":false,"showFlares":true,"showImageEffects":true,"showParticleSystems":true},"in2DMode":false,"pivot":{"x":0.7941766381263733,"y":7.8546624183654789,"z":-6.108824729919434},"rotation":{"x":0.24933753907680512,"y":-0.00668209046125412,"z":0.0017183063318952919,"w":0.9683976769447327},"size":12.158568382263184,"orthographic":false}