{"cameraMode":{"drawMode":0,"name":"Shaded","section":"Shading Mode"},"sceneLighting":false,"audioPlay":false,"sceneViewState":{"showFog":true,"showMaterialUpdate":true,"showSkybox":false,"showFlares":true,"showImageEffects":true,"showParticleSystems":true},"in2DMode":false,"pivot":{"x":-0.5698584914207459,"y":1.1432808637619019,"z":-0.6115443706512451},"rotation":{"x":0.001529454137198627,"y":-0.9983023405075073,"z":0.04945705458521843,"w":0.030854180455207826},"size":3.4344546794891359,"orthographic":false}