{"cameraMode":{"drawMode":0,"name":"Shaded","section":"Shading Mode"},"sceneLighting":false,"audioPlay":false,"sceneViewState":{"showFog":true,"showMaterialUpdate":true,"showSkybox":false,"showFlares":true,"showImageEffects":true,"showParticleSystems":true},"in2DMode":false,"pivot":{"x":8.194849014282227,"y":5.0401530265808109,"z":-17.886028289794923},"rotation":{"x":-0.09605413675308228,"y":-0.75746750831604,"z":0.11448121815919876,"w":-0.6355527639389038},"size":2.8001248836517336,"orthographic":false}