{"cameraMode":{"drawMode":0,"name":"Shaded","section":"Shading Mode"},"sceneLighting":true,"audioPlay":false,"sceneViewState":{"showFog":true,"showMaterialUpdate":true,"showSkybox":true,"showFlares":true,"showImageEffects":true,"showParticleSystems":true},"in2DMode":false,"pivot":{"x":-4.319928169250488,"y":-2.732391357421875,"z":21.406452178955079},"rotation":{"x":0.19512036442756654,"y":-0.26346588134765627,"z":0.05450386181473732,"w":0.9431610107421875},"size":83.73858642578125,"orthographic":false}