{"cameraMode":{"drawMode":0,"name":"Shaded","section":"Shading Mode"},"sceneLighting":true,"audioPlay":false,"sceneViewState":{"showFog":true,"showMaterialUpdate":true,"showSkybox":true,"showFlares":true,"showImageEffects":true,"showParticleSystems":true},"in2DMode":false,"pivot":{"x":12.324983596801758,"y":7.849033355712891,"z":-9.058982849121094},"rotation":{"x":0.2235388606786728,"y":-0.7461420893669128,"z":0.3040926158428192,"w":0.5484898090362549},"size":59.580848693847659,"orthographic":false}