{"cameraMode":{"drawMode":0,"name":"Shaded","section":"Shading Mode"},"sceneLighting":true,"audioPlay":false,"sceneViewState":{"showFog":true,"showMaterialUpdate":true,"showSkybox":true,"showFlares":true,"showImageEffects":true,"showParticleSystems":true},"in2DMode":false,"pivot":{"x":-0.0000152587890625,"y":2.869999885559082,"z":-0.000030517578125},"rotation":{"x":0.2334851622581482,"y":-0.7093095183372498,"z":0.2730773985385895,"w":0.6064687371253967},"size":1176.6439208984375,"orthographic":false}