{"cameraMode":{"drawMode":0,"name":"Shaded","section":"Shading Mode"},"sceneLighting":true,"audioPlay":false,"sceneViewState":{"showFog":true,"showMaterialUpdate":true,"showSkybox":true,"showFlares":true,"showImageEffects":true,"showParticleSystems":true},"in2DMode":false,"pivot":{"x":4.373156547546387,"y":7.207169532775879,"z":1.4314675331115723},"rotation":{"x":-0.027950884774327279,"y":-0.9567986726760864,"z":0.09823296964168549,"w":-0.2722420394420624},"size":9.817527770996094,"orthographic":false}