{"cameraMode":{"drawMode":0,"name":"Shaded","section":"Shading Mode"},"sceneLighting":false,"audioPlay":false,"sceneViewState":{"showFog":true,"showMaterialUpdate":true,"showSkybox":false,"showFlares":true,"showImageEffects":true,"showParticleSystems":true},"in2DMode":false,"pivot":{"x":0.0009244978427886963,"y":1.2466111183166505,"z":-0.10282254219055176},"rotation":{"x":-0.00042207486694678664,"y":-0.9994544386863709,"z":0.029993385076522828,"w":-0.014096234925091267},"size":3.210554838180542,"orthographic":false}