{"cameraMode":{"drawMode":0,"name":"Shaded","section":"Shading Mode"},"sceneLighting":true,"audioPlay":false,"sceneViewState":{"showFog":true,"showMaterialUpdate":false,"showSkybox":true,"showFlares":true,"showImageEffects":true,"showParticleSystems":true},"in2DMode":false,"pivot":{"x":-1.1423616409301758,"y":5.505218982696533,"z":13.360953330993653},"rotation":{"x":0.16730478405952454,"y":-0.4496092200279236,"z":0.08614715188741684,"w":0.8731793761253357},"size":11.411661148071289,"orthographic":false}