{"cameraMode":{"drawMode":0,"name":"Shaded","section":"Shading Mode"},"sceneLighting":false,"audioPlay":false,"sceneViewState":{"showFog":true,"showMaterialUpdate":true,"showSkybox":false,"showFlares":true,"showImageEffects":true,"showParticleSystems":true},"in2DMode":false,"pivot":{"x":0.9637966156005859,"y":0.5790272355079651,"z":1.1798704862594605},"rotation":{"x":-0.007045170292258263,"y":-0.6222894787788391,"z":0.005601541139185429,"w":-0.7827407121658325},"size":3.4926366806030275,"orthographic":false}