{"cameraMode":{"drawMode":0,"name":"Shaded","section":"Shading Mode"},"sceneLighting":false,"audioPlay":false,"sceneViewState":{"showFog":true,"showMaterialUpdate":true,"showSkybox":false,"showFlares":true,"showImageEffects":true,"showParticleSystems":true},"in2DMode":false,"pivot":{"x":-0.006020158529281616,"y":1.0718717575073243,"z":-0.09251928329467774},"rotation":{"x":-0.00042207486694678664,"y":-0.9994544386863709,"z":0.029993385076522828,"w":-0.014096234925091267},"size":3.510554790496826,"orthographic":false}