{"cameraMode":{"drawMode":0,"name":"Shaded","section":"Shading Mode"},"sceneLighting":false,"audioPlay":false,"sceneViewState":{"showFog":true,"showMaterialUpdate":false,"showSkybox":false,"showFlares":true,"showImageEffects":true,"showParticleSystems":true},"in2DMode":false,"pivot":{"x":834.8948364257813,"y":828.6658935546875,"z":-1040.920654296875},"rotation":{"x":0.14527182281017304,"y":-0.7109012007713318,"z":0.15398503839969636,"w":0.6706770658493042},"size":19.993234634399415,"orthographic":false}