{"cameraMode":{"drawMode":0,"name":"Shaded","section":"Shading Mode"},"sceneLighting":false,"audioPlay":false,"sceneViewState":{"showFog":true,"showMaterialUpdate":true,"showSkybox":false,"showFlares":true,"showImageEffects":true,"showParticleSystems":true},"in2DMode":false,"pivot":{"x":7.771265029907227,"y":-2.952232599258423,"z":7.219881534576416},"rotation":{"x":0.10123707354068756,"y":0.37432539463043215,"z":-0.041155584156513217,"w":0.9208415746688843},"size":22.0,"orthographic":false}