{"cameraMode":{"drawMode":0,"name":"Shaded","section":"Shading Mode"},"sceneLighting":true,"audioPlay":false,"sceneViewState":{"showFog":true,"showMaterialUpdate":true,"showSkybox":true,"showFlares":true,"showImageEffects":true,"showParticleSystems":true},"in2DMode":false,"pivot":{"x":10.081594467163086,"y":-29.99009895324707,"z":-18.800521850585939},"rotation":{"x":0.24729034304618836,"y":0.7451276779174805,"z":-0.4951358735561371,"w":0.37214064598083498},"size":71.05126953125,"orthographic":false}