{"cameraMode":{"drawMode":0,"name":"Shaded","section":"Shading Mode"},"sceneLighting":false,"audioPlay":false,"sceneViewState":{"showFog":true,"showMaterialUpdate":true,"showSkybox":false,"showFlares":true,"showImageEffects":true,"showParticleSystems":true},"in2DMode":false,"pivot":{"x":0.5553845167160034,"y":-0.27048927545547488,"z":-1.6684770584106446},"rotation":{"x":-0.056608397513628009,"y":-0.8416101932525635,"z":0.08997316658496857,"w":-0.5295287370681763},"size":4.392636775970459,"orthographic":false}