{"cameraMode":{"drawMode":0,"name":"Shaded","section":"Shading Mode"},"sceneLighting":false,"audioPlay":false,"sceneViewState":{"showFog":true,"showMaterialUpdate":false,"showSkybox":false,"showFlares":true,"showImageEffects":true,"showParticleSystems":true},"in2DMode":false,"pivot":{"x":0.8372032642364502,"y":-0.01331067644059658,"z":-1.5195128917694092},"rotation":{"x":-0.027950884774327279,"y":-0.9567986726760864,"z":0.09823296964168549,"w":-0.2722420394420624},"size":6.5795793533325199,"orthographic":false}