{"cameraMode":{"drawMode":0,"name":"Shaded","section":"Shading Mode"},"sceneLighting":true,"audioPlay":false,"sceneViewState":{"showFog":true,"showMaterialUpdate":true,"showSkybox":true,"showFlares":true,"showImageEffects":true,"showParticleSystems":true},"in2DMode":false,"pivot":{"x":1304.43310546875,"y":691.6102905273438,"z":-276.06024169921877},"rotation":{"x":-0.15074825286865235,"y":0.5710608959197998,"z":-0.10764244198799133,"w":-0.7997413277626038},"size":1785.93701171875,"orthographic":false}