{"cameraMode":{"drawMode":0,"name":"Shaded","section":"Shading Mode"},"sceneLighting":false,"audioPlay":false,"sceneViewState":{"showFog":true,"showMaterialUpdate":false,"showSkybox":false,"showFlares":true,"showImageEffects":true,"showParticleSystems":true},"in2DMode":false,"pivot":{"x":0.023266196250915529,"y":0.7498469352722168,"z":396.2554626464844},"rotation":{"x":-0.2646341919898987,"y":0.08146162331104279,"z":-0.022440889850258828,"w":-0.9606401920318604},"size":2.8174381256103517,"orthographic":false}