{"cameraMode":{"drawMode":0,"name":"Shaded","section":"Shading Mode"},"sceneLighting":false,"audioPlay":false,"sceneViewState":{"showFog":true,"showMaterialUpdate":false,"showSkybox":false,"showFlares":true,"showImageEffects":true,"showParticleSystems":true},"in2DMode":false,"pivot":{"x":-1.1920928955078126e-7,"y":0.6689579486846924,"z":-0.08553877472877503},"rotation":{"x":-0.06956178694963455,"y":0.18211059272289277,"z":-0.01291587483137846,"w":-0.9807340502738953},"size":3.082412004470825,"orthographic":false}