{"cameraMode":{"drawMode":0,"name":"Shaded","section":"Shading Mode"},"sceneLighting":false,"audioPlay":false,"sceneViewState":{"showFog":true,"showMaterialUpdate":false,"showSkybox":false,"showFlares":true,"showImageEffects":true,"showParticleSystems":true},"in2DMode":false,"pivot":{"x":0.0,"y":0.6999999284744263,"z":-0.06999999284744263},"rotation":{"x":0.017758196219801904,"y":0.4429611265659332,"z":-0.008776044473052025,"w":0.8963225483894348},"size":3.210554838180542,"orthographic":false}