{"cameraMode":{"drawMode":0,"name":"Shaded","section":"Shading Mode"},"sceneLighting":false,"audioPlay":false,"sceneViewState":{"showFog":true,"showMaterialUpdate":false,"showSkybox":false,"showFlares":true,"showImageEffects":true,"showParticleSystems":true},"in2DMode":false,"pivot":{"x":-0.036937832832336429,"y":0.7555896043777466,"z":-0.018856048583984376},"rotation":{"x":0.00991789810359478,"y":-0.9879252314567566,"z":0.13599979877471925,"w":0.07361572980880737},"size":3.334789514541626,"orthographic":false}