{"cameraMode":{"drawMode":0,"name":"Shaded","section":"Shading Mode"},"sceneLighting":false,"audioPlay":false,"sceneViewState":{"showFog":true,"showMaterialUpdate":false,"showSkybox":false,"showFlares":true,"showImageEffects":true,"showParticleSystems":true},"in2DMode":false,"pivot":{"x":0.5568454265594482,"y":0.3921540677547455,"z":-1.2414038181304932},"rotation":{"x":0.0025230362080037596,"y":0.9916520714759827,"z":-0.1274375319480896,"w":0.01963764615356922},"size":4.129667282104492,"orthographic":false}