{"cameraMode":{"drawMode":0,"name":"Shaded","section":"Shading Mode"},"sceneLighting":true,"audioPlay":false,"sceneViewState":{"showFog":true,"showMaterialUpdate":true,"showSkybox":true,"showFlares":true,"showImageEffects":true,"showParticleSystems":true},"in2DMode":false,"pivot":{"x":11.470508575439454,"y":11.799166679382325,"z":5.957748889923096},"rotation":{"x":-0.0068837725557386879,"y":0.9929286241531372,"z":-0.07311523705720902,"w":-0.09379146248102188},"size":11.945231437683106,"orthographic":false}