{"cameraMode":{"drawMode":0,"name":"Shaded","section":"Shading Mode"},"sceneLighting":false,"audioPlay":false,"sceneViewState":{"showFog":true,"showMaterialUpdate":false,"showSkybox":false,"showFlares":true,"showImageEffects":true,"showParticleSystems":true},"in2DMode":false,"pivot":{"x":0.48142045736312868,"y":-2.3464112281799318,"z":377.4051513671875},"rotation":{"x":0.0003108785895165056,"y":0.9978902339935303,"z":-0.064763642847538,"w":0.004790647886693478},"size":22.0,"orthographic":false}