{"cameraMode":{"drawMode":0,"name":"Shaded","section":"Shading Mode"},"sceneLighting":false,"audioPlay":false,"sceneViewState":{"showFog":true,"showMaterialUpdate":false,"showSkybox":false,"showFlares":true,"showImageEffects":true,"showParticleSystems":true},"in2DMode":false,"pivot":{"x":0.38538819551467898,"y":5.560797691345215,"z":-22.616891860961915},"rotation":{"x":0.00991789810359478,"y":-0.9879252314567566,"z":0.13599979877471925,"w":0.07361572980880737},"size":5.050286293029785,"orthographic":false}