{"cameraMode":{"drawMode":0,"name":"Shaded","section":"Shading Mode"},"sceneLighting":false,"audioPlay":false,"sceneViewState":{"showFog":true,"showMaterialUpdate":false,"showSkybox":false,"showFlares":true,"showImageEffects":true,"showParticleSystems":true},"in2DMode":false,"pivot":{"x":-65.19613647460938,"y":-37.8032341003418,"z":-68.16490936279297},"rotation":{"x":0.0899503231048584,"y":-0.8906576633453369,"z":0.19658640027046204,"w":0.40109938383102419},"size":113.26786041259766,"orthographic":false}