{"cameraMode":{"drawMode":0,"name":"Shaded","section":"Shading Mode"},"sceneLighting":true,"audioPlay":false,"sceneViewState":{"showFog":true,"showMaterialUpdate":true,"showSkybox":true,"showFlares":true,"showImageEffects":true,"showParticleSystems":true},"in2DMode":false,"pivot":{"x":-214.00848388671876,"y":-99.54605865478516,"z":-69.64649963378906},"rotation":{"x":0.13723018765449525,"y":-0.7565853595733643,"z":0.1688978523015976,"w":0.6170982718467712},"size":261.1781311035156,"orthographic":false}