{"cameraMode":{"drawMode":0,"name":"Shaded","section":"Shading Mode"},"sceneLighting":true,"audioPlay":false,"sceneViewState":{"showFog":true,"showMaterialUpdate":false,"showSkybox":true,"showFlares":true,"showImageEffects":true,"showParticleSystems":true},"in2DMode":false,"pivot":{"x":-6.271129131317139,"y":0.6342642903327942,"z":-6.596253395080566},"rotation":{"x":-0.3398198187351227,"y":-0.1481068879365921,"z":0.05428328365087509,"w":-0.927169144153595},"size":34.169921875,"orthographic":false}