{"cameraMode":{"drawMode":0,"name":"Shaded","section":"Shading Mode"},"sceneLighting":false,"audioPlay":false,"sceneViewState":{"showFog":true,"showMaterialUpdate":false,"showSkybox":false,"showFlares":true,"showImageEffects":true,"showParticleSystems":true},"in2DMode":false,"pivot":{"x":-1.057023048400879,"y":0.7469997406005859,"z":-9.741151809692383},"rotation":{"x":-0.31126973032951357,"y":-0.039331287145614627,"z":0.012894821353256703,"w":-0.9494200348854065},"size":24.557361602783204,"orthographic":false}