{"cameraMode":{"drawMode":0,"name":"Shaded","section":"Shading Mode"},"sceneLighting":true,"audioPlay":false,"sceneViewState":{"showFog":true,"showMaterialUpdate":false,"showSkybox":true,"showFlares":true,"showImageEffects":true,"showParticleSystems":true},"in2DMode":false,"pivot":{"x":-1.6604678630828858,"y":5.449597358703613,"z":-15.902168273925782},"rotation":{"x":-0.13535866141319276,"y":-0.2735110819339752,"z":0.038911402225494388,"w":-0.9515100121498108},"size":7.700745582580566,"orthographic":false}