{"cameraMode":{"drawMode":0,"name":"Shaded","section":"Shading Mode"},"sceneLighting":false,"audioPlay":false,"sceneViewState":{"showFog":true,"showMaterialUpdate":false,"showSkybox":false,"showFlares":true,"showImageEffects":true,"showParticleSystems":true},"in2DMode":false,"pivot":{"x":837.1421508789063,"y":829.5357055664063,"z":-1046.6253662109375},"rotation":{"x":0.000864928588271141,"y":0.9989460110664368,"z":-0.040789227932691577,"w":0.02128167450428009},"size":22.0,"orthographic":false}