{"cameraMode":{"drawMode":0,"name":"Shaded","section":"Shading Mode"},"sceneLighting":false,"audioPlay":false,"sceneViewState":{"showFog":true,"showMaterialUpdate":false,"showSkybox":false,"showFlares":true,"showImageEffects":true,"showParticleSystems":true},"in2DMode":false,"pivot":{"x":-4.835896015167236,"y":10.695432662963868,"z":1.4384766817092896},"rotation":{"x":-0.1778392344713211,"y":0.5899677276611328,"z":-0.13522090017795564,"w":-0.7759085297584534},"size":3.5748982429504396,"orthographic":false}