{"cameraMode":{"drawMode":0,"name":"Shaded","section":"Shading Mode"},"sceneLighting":false,"audioPlay":false,"sceneViewState":{"showFog":true,"showMaterialUpdate":false,"showSkybox":false,"showFlares":true,"showImageEffects":true,"showParticleSystems":true},"in2DMode":false,"pivot":{"x":-4.010098457336426,"y":-0.45896291732788088,"z":397.685546875},"rotation":{"x":-0.12189114838838577,"y":0.6554421782493591,"z":-0.10833891481161118,"w":-0.7374390363693237},"size":7.842216491699219,"orthographic":false}