{"cameraMode":{"drawMode":0,"name":"Shaded","section":"Shading Mode"},"sceneLighting":false,"audioPlay":false,"sceneViewState":{"showFog":true,"showMaterialUpdate":false,"showSkybox":false,"showFlares":true,"showImageEffects":true,"showParticleSystems":true},"in2DMode":false,"pivot":{"x":0.27521800994873049,"y":5.030791282653809,"z":0.2234492301940918},"rotation":{"x":-0.0612872876226902,"y":0.9310832023620606,"z":-0.30835452675819399,"w":-0.1850583404302597},"size":2.753190755844116,"orthographic":false}