{"cameraMode":{"drawMode":0,"name":"Shaded","section":"Shading Mode"},"sceneLighting":false,"audioPlay":false,"sceneViewState":{"showFog":true,"showMaterialUpdate":false,"showSkybox":false,"showFlares":true,"showImageEffects":true,"showParticleSystems":true},"in2DMode":false,"pivot":{"x":0.0,"y":2.5299999713897707,"z":-0.03400000184774399},"rotation":{"x":-0.07274049520492554,"y":0.9218452572822571,"z":-0.3160739839076996,"w":-0.21215125918388368},"size":3.8857879638671877,"orthographic":false}