{"cameraMode":{"drawMode":0,"name":"Shaded","section":"Shading Mode"},"sceneLighting":false,"audioPlay":false,"sceneViewState":{"showFog":true,"showMaterialUpdate":false,"showSkybox":false,"showFlares":true,"showImageEffects":true,"showParticleSystems":true},"in2DMode":false,"pivot":{"x":319.70599365234377,"y":239.8106689453125,"z":-0.19747252762317658},"rotation":{"x":-0.07274049520492554,"y":0.9218452572822571,"z":-0.3160739839076996,"w":-0.21215125918388368},"size":1321.1529541015625,"orthographic":false}