{"cameraMode":{"drawMode":0,"name":"Shaded","section":"Shading Mode"},"sceneLighting":true,"audioPlay":false,"sceneViewState":{"showFog":true,"showMaterialUpdate":false,"showSkybox":true,"showFlares":true,"showImageEffects":true,"showParticleSystems":true},"in2DMode":false,"pivot":{"x":0.1335712969303131,"y":0.3881492614746094,"z":3.7919921875},"rotation":{"x":-0.13192427158355714,"y":-0.0005828557768836618,"z":0.00007853983697714284,"w":-0.991261899471283},"size":40.08135223388672,"orthographic":false}