{"cameraMode":{"drawMode":0,"name":"Shaded","section":"Shading Mode"},"sceneLighting":true,"audioPlay":false,"sceneViewState":{"showFog":true,"showMaterialUpdate":false,"showSkybox":true,"showFlares":true,"showImageEffects":true,"showParticleSystems":true},"in2DMode":false,"pivot":{"x":-7.3318023681640629,"y":-2.9476277828216554,"z":0.3848564326763153},"rotation":{"x":-0.34337523579597475,"y":0.1048002690076828,"z":-0.03858812525868416,"w":-0.9325377345085144},"size":40.08135223388672,"orthographic":false}