{"cameraMode":{"drawMode":0,"name":"Shaded","section":"Shading Mode"},"sceneLighting":true,"audioPlay":false,"sceneViewState":{"showFog":true,"showMaterialUpdate":false,"showSkybox":true,"showFlares":true,"showImageEffects":true,"showParticleSystems":true},"in2DMode":false,"pivot":{"x":-2.976654529571533,"y":-18.610740661621095,"z":18.11186981201172},"rotation":{"x":0.2394333928823471,"y":-0.014567713253200055,"z":0.0035927360877394678,"w":0.970798909664154},"size":125.76335144042969,"orthographic":false}