{"cameraMode":{"drawMode":0,"name":"Shaded","section":"Shading Mode"},"sceneLighting":false,"audioPlay":false,"sceneViewState":{"showFog":true,"showMaterialUpdate":true,"showSkybox":false,"showFlares":true,"showImageEffects":true,"showParticleSystems":true},"in2DMode":false,"pivot":{"x":-1.8350000381469727,"y":1.0741488933563233,"z":4.599991798400879},"rotation":{"x":0.085422582924366,"y":-0.8376379609107971,"z":0.13717716932296754,"w":0.5217949748039246},"size":0.26916202902793887,"orthographic":false}