{"cameraMode":{"drawMode":0,"name":"Shaded","section":"Shading Mode"},"sceneLighting":false,"audioPlay":false,"sceneViewState":{"showFog":true,"showMaterialUpdate":false,"showSkybox":false,"showFlares":true,"showImageEffects":true,"showParticleSystems":true},"in2DMode":false,"pivot":{"x":0.2564948797225952,"y":0.32908129692077639,"z":395.7347106933594},"rotation":{"x":-0.42127200961112978,"y":-0.38287535309791567,"z":0.2023969143629074,"w":-0.7968594431877136},"size":3.3783786296844484,"orthographic":false}