{"cameraMode":{"drawMode":0,"name":"Shaded","section":"Shading Mode"},"sceneLighting":false,"audioPlay":false,"sceneViewState":{"showFog":true,"showMaterialUpdate":false,"showSkybox":false,"showFlares":true,"showImageEffects":true,"showParticleSystems":true},"in2DMode":false,"pivot":{"x":-0.09019076824188233,"y":0.10296601057052612,"z":395.5505676269531},"rotation":{"x":-0.47822532057762148,"y":-0.3501723110675812,"z":0.21579396724700929,"w":-0.7759676575660706},"size":3.3783786296844484,"orthographic":false}