{"cameraMode":{"drawMode":0,"name":"Shaded","section":"Shading Mode"},"sceneLighting":true,"audioPlay":false,"sceneViewState":{"showFog":true,"showMaterialUpdate":true,"showSkybox":true,"showFlares":true,"showImageEffects":true,"showParticleSystems":true},"in2DMode":false,"pivot":{"x":-1.2357885837554932,"y":7.092415809631348,"z":-10.45086669921875},"rotation":{"x":0.085422582924366,"y":-0.8376379609107971,"z":0.13717716932296754,"w":0.5217949748039246},"size":5.2355852127075199,"orthographic":false}