{"cameraMode":{"drawMode":0,"name":"Shaded","section":"Shading Mode"},"sceneLighting":false,"audioPlay":false,"sceneViewState":{"showFog":true,"showMaterialUpdate":false,"showSkybox":false,"showFlares":true,"showImageEffects":true,"showParticleSystems":true},"in2DMode":false,"pivot":{"x":0.11663991957902909,"y":0.6206802129745483,"z":395.63275146484377},"rotation":{"x":-0.19174723327159882,"y":-0.5876842737197876,"z":0.14585907757282258,"w":-0.7724013924598694},"size":2.738523244857788,"orthographic":false}