{"cameraMode":{"drawMode":0,"name":"Shaded","section":"Shading Mode"},"sceneLighting":true,"audioPlay":false,"sceneViewState":{"showFog":true,"showMaterialUpdate":true,"showSkybox":true,"showFlares":true,"showImageEffects":true,"showParticleSystems":true},"in2DMode":false,"pivot":{"x":-2.8238954544067385,"y":22.969127655029298,"z":10.794344902038575},"rotation":{"x":-0.05406602844595909,"y":-0.9049188494682312,"z":0.4044487476348877,"w":-0.1209704652428627},"size":10.37282943725586,"orthographic":false}