{"cameraMode":{"drawMode":0,"name":"Shaded","section":"Shading Mode"},"sceneLighting":false,"audioPlay":false,"sceneViewState":{"showFog":true,"showMaterialUpdate":false,"showSkybox":false,"showFlares":true,"showImageEffects":true,"showParticleSystems":true},"in2DMode":false,"pivot":{"x":-3.0093636512756349,"y":2.1082944869995119,"z":-1.1211113929748536},"rotation":{"x":0.11504478007555008,"y":0.6993286609649658,"z":-0.11558375507593155,"w":0.6959592700004578},"size":2.1900277137756349,"orthographic":false}