{"cameraMode":{"drawMode":0,"name":"Shaded","section":"Shading Mode"},"sceneLighting":true,"audioPlay":false,"sceneViewState":{"showFog":true,"showMaterialUpdate":true,"showSkybox":true,"showFlares":true,"showImageEffects":true,"showParticleSystems":true},"in2DMode":false,"pivot":{"x":-1.4410409927368165,"y":11.114923477172852,"z":-7.2225236892700199},"rotation":{"x":-0.08327662944793701,"y":-0.8958770632743836,"z":0.18983426690101624,"w":-0.3929946720600128},"size":7.294018745422363,"orthographic":false}