{"cameraMode":{"drawMode":0,"name":"Shaded","section":"Shading Mode"},"sceneLighting":false,"audioPlay":false,"sceneViewState":{"showFog":true,"showMaterialUpdate":true,"showSkybox":false,"showFlares":true,"showImageEffects":true,"showParticleSystems":true},"in2DMode":false,"pivot":{"x":0.08494243770837784,"y":5.811855792999268,"z":-0.9870646595954895},"rotation":{"x":-0.1352934092283249,"y":-0.33552584052085879,"z":0.048755936324596408,"w":-0.930997371673584},"size":3.8336288928985597,"orthographic":false}