{"cameraMode":{"drawMode":0,"name":"Shaded","section":"Shading Mode"},"sceneLighting":false,"audioPlay":false,"sceneViewState":{"showFog":true,"showMaterialUpdate":true,"showSkybox":false,"showFlares":true,"showImageEffects":true,"showParticleSystems":true},"in2DMode":false,"pivot":{"x":-0.9424037933349609,"y":-11.975072860717774,"z":-6.329631805419922},"rotation":{"x":0.085422582924366,"y":-0.8376379609107971,"z":0.13717716932296754,"w":0.5217949748039246},"size":369.97161865234377,"orthographic":false}