{"cameraMode":{"drawMode":0,"name":"Shaded","section":"Shading Mode"},"sceneLighting":false,"audioPlay":false,"sceneViewState":{"showFog":true,"showMaterialUpdate":false,"showSkybox":false,"showFlares":true,"showImageEffects":true,"showParticleSystems":true},"in2DMode":false,"pivot":{"x":-1.2904013395309449,"y":0.5564322471618652,"z":1.222617506980896},"rotation":{"x":-0.42127200961112978,"y":-0.38287535309791567,"z":0.2023969143629074,"w":-0.7968594431877136},"size":8.909387588500977,"orthographic":false}