{"cameraMode":{"drawMode":0,"name":"Shaded","section":"Shading Mode"},"sceneLighting":false,"audioPlay":false,"sceneViewState":{"showFog":true,"showMaterialUpdate":true,"showSkybox":false,"showFlares":true,"showImageEffects":true,"showParticleSystems":true},"in2DMode":false,"pivot":{"x":-1.2904013395309449,"y":0.5564322471618652,"z":1.222617506980896},"rotation":{"x":-0.047795794904232028,"y":0.8637117147445679,"z":-0.0834430679678917,"w":-0.49475666880607607},"size":8.909387588500977,"orthographic":false}