{"cameraMode":{"drawMode":0,"name":"Shaded","section":"Shading Mode"},"sceneLighting":false,"audioPlay":false,"sceneViewState":{"showFog":true,"showMaterialUpdate":true,"showSkybox":false,"showFlares":true,"showImageEffects":true,"showParticleSystems":true},"in2DMode":false,"pivot":{"x":-1.8924342393875123,"y":0.6713817715644836,"z":4.903077602386475},"rotation":{"x":-0.11886991560459137,"y":0.8234307169914246,"z":-0.18743367493152619,"w":-0.5222347974777222},"size":4.943559169769287,"orthographic":false}