{"cameraMode":{"drawMode":0,"name":"Shaded","section":"Shading Mode"},"sceneLighting":false,"audioPlay":false,"sceneViewState":{"showFog":true,"showMaterialUpdate":true,"showSkybox":true,"showFlares":true,"showImageEffects":true,"showParticleSystems":true},"in2DMode":false,"pivot":{"x":464.8522033691406,"y":394.6156921386719,"z":61.36322021484375},"rotation":{"x":-0.14638181030750276,"y":-0.2815607488155365,"z":0.04350752383470535,"w":-0.9473185539245606},"size":628.7581787109375,"orthographic":false}