{"cameraMode":{"drawMode":0,"name":"Shaded","section":"Shading Mode"},"sceneLighting":false,"audioPlay":false,"sceneViewState":{"showFog":true,"showMaterialUpdate":true,"showSkybox":true,"showFlares":true,"showImageEffects":true,"showParticleSystems":true},"in2DMode":false,"pivot":{"x":677.5473022460938,"y":454.5704650878906,"z":-108.19281005859375},"rotation":{"x":0.03472663089632988,"y":-0.06591682136058808,"z":0.002295717829838395,"w":0.9972212314605713},"size":867.4094848632813,"orthographic":false}