{"cameraMode":{"drawMode":0,"name":"Shaded","section":"Shading Mode"},"sceneLighting":false,"audioPlay":false,"sceneViewState":{"showFog":true,"showMaterialUpdate":true,"showSkybox":true,"showFlares":true,"showImageEffects":true,"showParticleSystems":true},"in2DMode":false,"pivot":{"x":874.12841796875,"y":64.71755981445313,"z":28.31103515625},"rotation":{"x":-0.1816330850124359,"y":0.08308041840791702,"z":-0.015402382239699364,"w":-0.9797298908233643},"size":187.52366638183595,"orthographic":false}