{"cameraMode":{"drawMode":0,"name":"Shaded","section":"Shading Mode"},"sceneLighting":false,"audioPlay":false,"sceneViewState":{"showFog":true,"showMaterialUpdate":true,"showSkybox":false,"showFlares":true,"showImageEffects":true,"showParticleSystems":true},"in2DMode":false,"pivot":{"x":-2.5808026790618898,"y":1.1128644943237305,"z":2.445235013961792},"rotation":{"x":-0.22052137553691865,"y":-0.720944881439209,"z":0.2642051577568054,"w":-0.6015670895576477},"size":0.5715764164924622,"orthographic":false}