{"cameraMode":{"drawMode":0,"name":"Shaded","section":"Shading Mode"},"sceneLighting":false,"audioPlay":false,"sceneViewState":{"showFog":true,"showMaterialUpdate":true,"showSkybox":false,"showFlares":true,"showImageEffects":true,"showParticleSystems":true},"in2DMode":false,"pivot":{"x":0.20499999821186067,"y":1.7200000286102296,"z":5.939000129699707},"rotation":{"x":-0.12383502721786499,"y":0.7743920683860779,"z":0.15995368361473084,"w":0.5995216369628906},"size":2.6901631355285646,"orthographic":false}