{"cameraMode":{"drawMode":0,"name":"Shaded","section":"Shading Mode"},"sceneLighting":false,"audioPlay":false,"sceneViewState":{"showFog":false,"showMaterialUpdate":false,"showSkybox":false,"showFlares":false,"showImageEffects":false,"showParticleSystems":false},"in2DMode":false,"pivot":{"x":-2.1461005210876467,"y":1.5396610498428345,"z":1.5251516103744507},"rotation":{"x":0.16184572875499726,"y":0.617740273475647,"z":-0.13186609745025636,"w":0.7581833004951477},"size":6.101563453674316,"orthographic":false}