{"cameraMode":{"drawMode":0,"name":"Shaded","section":"Shading Mode"},"sceneLighting":false,"audioPlay":false,"sceneViewState":{"showFog":false,"showMaterialUpdate":false,"showSkybox":false,"showFlares":false,"showImageEffects":false,"showParticleSystems":false},"in2DMode":false,"pivot":{"x":-3.447910785675049,"y":3.384432315826416,"z":0.22363337874412538},"rotation":{"x":0.2085900902748108,"y":0.6830748915672302,"z":-0.21378043293952943,"w":0.6665014624595642},"size":1.3015625476837159,"orthographic":false}