{"cameraMode":{"drawMode":0,"name":"Shaded","section":"Shading Mode"},"sceneLighting":false,"audioPlay":false,"sceneViewState":{"showFog":true,"showMaterialUpdate":true,"showSkybox":true,"showFlares":true,"showImageEffects":true,"showParticleSystems":true},"in2DMode":false,"pivot":{"x":-3.4139065742492677,"y":-0.6599917411804199,"z":6.217177867889404},"rotation":{"x":-0.1819695383310318,"y":0.7167953848838806,"z":-0.20325948297977448,"w":-0.6417320966720581},"size":16.83321189880371,"orthographic":false}