{"cameraMode":{"drawMode":0,"name":"Shaded","section":"Shading Mode"},"sceneLighting":false,"audioPlay":false,"sceneViewState":{"showFog":true,"showMaterialUpdate":true,"showSkybox":false,"showFlares":true,"showImageEffects":true,"showParticleSystems":true},"in2DMode":false,"pivot":{"x":-0.16815705597400666,"y":1.8384510278701783,"z":5.917906761169434},"rotation":{"x":-0.17274214327335359,"y":0.5998532176017761,"z":-0.13465218245983125,"w":-0.7695673108100891},"size":2.8435587882995607,"orthographic":false}