{"cameraMode":{"drawMode":0,"name":"Shaded","section":"Shading Mode"},"sceneLighting":false,"audioPlay":false,"sceneViewState":{"showFog":false,"showMaterialUpdate":false,"showSkybox":false,"showFlares":false,"showImageEffects":false,"showParticleSystems":false},"in2DMode":false,"pivot":{"x":9.462837219238282,"y":0.4635348618030548,"z":0.27746227383613589},"rotation":{"x":0.0021737273782491686,"y":0.987444281578064,"z":-0.013635905459523201,"w":0.15744656324386598},"size":19.342506408691408,"orthographic":false}