{"cameraMode":{"drawMode":0,"name":"Shaded","section":"Shading Mode"},"sceneLighting":false,"audioPlay":false,"sceneViewState":{"showFog":true,"showMaterialUpdate":true,"showSkybox":true,"showFlares":true,"showImageEffects":true,"showParticleSystems":true},"in2DMode":false,"pivot":{"x":19.618288040161134,"y":1.3596278429031373,"z":4.902764320373535},"rotation":{"x":-0.12669064104557038,"y":0.43250519037246706,"z":-0.06153019517660141,"w":-0.8905802965164185},"size":8.852316856384278,"orthographic":false}