{"cameraMode":{"drawMode":0,"name":"Shaded","section":"Shading Mode"},"sceneLighting":false,"audioPlay":false,"sceneViewState":{"showFog":true,"showMaterialUpdate":true,"showSkybox":true,"showFlares":true,"showImageEffects":true,"showParticleSystems":true},"in2DMode":false,"pivot":{"x":0.0275729950517416,"y":1.4172619581222535,"z":7.85166072845459},"rotation":{"x":-0.15758086740970612,"y":0.5463504195213318,"z":-0.10553635656833649,"w":-0.8158186078071594},"size":1.5301475524902344,"orthographic":false}