{"cameraMode":{"drawMode":0,"name":"Shaded","section":"Shading Mode"},"sceneLighting":false,"audioPlay":false,"sceneViewState":{"showFog":true,"showMaterialUpdate":true,"showSkybox":false,"showFlares":true,"showImageEffects":true,"showParticleSystems":true},"in2DMode":false,"pivot":{"x":-2.5808026790618898,"y":1.1128644943237305,"z":2.445235013961792},"rotation":{"x":0.018660038709640504,"y":0.9794605374336243,"z":-0.16945452988147736,"w":0.1079825833439827},"size":1.471576452255249,"orthographic":false}