{"cameraMode":{"drawMode":0,"name":"Shaded","section":"Shading Mode"},"sceneLighting":false,"audioPlay":false,"sceneViewState":{"showFog":true,"showMaterialUpdate":true,"showSkybox":true,"showFlares":true,"showImageEffects":true,"showParticleSystems":true},"in2DMode":false,"pivot":{"x":180.59381103515626,"y":-159.45220947265626,"z":20.919506072998048},"rotation":{"x":-0.25838208198547366,"y":-0.6418881416320801,"z":0.2440023273229599,"w":-0.6795292496681213},"size":370.04290771484377,"orthographic":false}