{"cameraMode":{"drawMode":0,"name":"Shaded","section":"Shading Mode"},"sceneLighting":false,"audioPlay":false,"sceneViewState":{"showFog":true,"showMaterialUpdate":true,"showSkybox":true,"showFlares":true,"showImageEffects":true,"showParticleSystems":true},"in2DMode":false,"pivot":{"x":-0.18514275550842286,"y":5.750053405761719,"z":6.39757776260376},"rotation":{"x":0.07390157878398895,"y":0.9258456826210022,"z":-0.27307039499282839,"w":0.2505635619163513},"size":6.14355993270874,"orthographic":false}