{"cameraMode":{"drawMode":0,"name":"Shaded","section":"Shading Mode"},"sceneLighting":false,"audioPlay":false,"sceneViewState":{"showFog":true,"showMaterialUpdate":true,"showSkybox":true,"showFlares":true,"showImageEffects":true,"showParticleSystems":true},"in2DMode":false,"pivot":{"x":20.140647888183595,"y":1.4678995609283448,"z":4.541874885559082},"rotation":{"x":-0.08270619064569473,"y":0.6401368379592896,"z":-0.06960541754961014,"w":-0.7606191635131836},"size":18.29937171936035,"orthographic":false}