{"cameraMode":{"drawMode":0,"name":"Shaded","section":"Shading Mode"},"sceneLighting":false,"audioPlay":false,"sceneViewState":{"showFog":true,"showMaterialUpdate":true,"showSkybox":true,"showFlares":true,"showImageEffects":true,"showParticleSystems":true},"in2DMode":false,"pivot":{"x":19.410171508789064,"y":0.9742810130119324,"z":-23.260177612304689},"rotation":{"x":-0.23428136110305787,"y":-0.7321138381958008,"z":0.30505698919296267,"w":-0.5622243881225586},"size":13.319528579711914,"orthographic":false}