{"cameraMode":{"drawMode":0,"name":"Shaded","section":"Shading Mode"},"sceneLighting":false,"audioPlay":false,"sceneViewState":{"showFog":false,"showMaterialUpdate":false,"showSkybox":false,"showFlares":false,"showImageEffects":false,"showParticleSystems":false},"in2DMode":false,"pivot":{"x":-7.509986877441406,"y":-0.04400002956390381,"z":-4.170005798339844},"rotation":{"x":0.2085900902748108,"y":0.6830748915672302,"z":-0.21378043293952943,"w":0.6665014624595642},"size":4.041658401489258,"orthographic":false}