{"cameraMode":{"drawMode":0,"name":"Shaded","section":"Shading Mode"},"sceneLighting":false,"audioPlay":false,"sceneViewState":{"showFog":true,"showMaterialUpdate":true,"showSkybox":false,"showFlares":true,"showImageEffects":true,"showParticleSystems":true},"in2DMode":false,"pivot":{"x":323.0,"y":381.5274963378906,"z":-79.68560791015625},"rotation":{"x":0.045285459607839587,"y":0.01947440207004547,"z":-0.0008828134159557521,"w":0.9987858533859253},"size":588.7759399414063,"orthographic":false}