{"cameraMode":{"drawMode":0,"name":"Shaded","section":"Shading Mode"},"sceneLighting":false,"audioPlay":false,"sceneViewState":{"showFog":false,"showMaterialUpdate":false,"showSkybox":false,"showFlares":false,"showImageEffects":false,"showParticleSystems":false},"in2DMode":false,"pivot":{"x":-53.99277114868164,"y":13.331762313842774,"z":7.718113899230957},"rotation":{"x":-0.10451140999794007,"y":0.5932235717773438,"z":-0.0780462697148323,"w":-0.7944143414497376},"size":2.409101963043213,"orthographic":false}