{"cameraMode":{"drawMode":0,"name":"Shaded","section":"Shading Mode"},"sceneLighting":false,"audioPlay":false,"sceneViewState":{"showFog":true,"showMaterialUpdate":true,"showSkybox":true,"showFlares":true,"showImageEffects":true,"showParticleSystems":true},"in2DMode":false,"pivot":{"x":3.3022842407226564,"y":20.46637725830078,"z":18.67064094543457},"rotation":{"x":0.0006548714591190219,"y":0.9993512034416199,"z":0.025178855285048486,"w":-0.02668938599526882},"size":15.841828346252442,"orthographic":false}