{"cameraMode":{"drawMode":0,"name":"Shaded","section":"Shading Mode"},"sceneLighting":false,"audioPlay":false,"sceneViewState":{"showFog":true,"showMaterialUpdate":true,"showSkybox":false,"showFlares":true,"showImageEffects":true,"showParticleSystems":true},"in2DMode":false,"pivot":{"x":1.29094660282135,"y":1.8232581615447999,"z":5.427667617797852},"rotation":{"x":0.04480467736721039,"y":0.7349841594696045,"z":-0.0488201305270195,"w":0.6748906970024109},"size":4.3435587882995609,"orthographic":false}