{"cameraMode":{"drawMode":0,"name":"Shaded","section":"Shading Mode"},"sceneLighting":false,"audioPlay":false,"sceneViewState":{"showFog":true,"showMaterialUpdate":true,"showSkybox":true,"showFlares":true,"showImageEffects":true,"showParticleSystems":true},"in2DMode":false,"pivot":{"x":40.45272445678711,"y":88.23847961425781,"z":36.9810791015625},"rotation":{"x":-0.03845101222395897,"y":0.9610651731491089,"z":-0.1766793131828308,"w":-0.2090642899274826},"size":89.9795913696289,"orthographic":false}