{"cameraMode":{"drawMode":0,"name":"Shaded","section":"Shading Mode"},"sceneLighting":false,"audioPlay":false,"sceneViewState":{"showFog":false,"showMaterialUpdate":false,"showSkybox":false,"showFlares":false,"showImageEffects":false,"showParticleSystems":false},"in2DMode":false,"pivot":{"x":2.7562568187713625,"y":-1.8896002769470215,"z":-3.3673574924468996},"rotation":{"x":0.05522400885820389,"y":0.9433205723762512,"z":-0.20284701883792878,"w":0.25681236386299136},"size":18.585840225219728,"orthographic":false}