{"cameraMode":{"drawMode":0,"name":"Shaded","section":"Shading Mode"},"sceneLighting":false,"audioPlay":false,"sceneViewState":{"showFog":true,"showMaterialUpdate":true,"showSkybox":false,"showFlares":true,"showImageEffects":true,"showParticleSystems":true},"in2DMode":false,"pivot":{"x":-0.06299999356269837,"y":2.4660000801086427,"z":5.484000205993652},"rotation":{"x":0.002163615543395281,"y":0.997838020324707,"z":-0.043743934482336047,"w":0.04973352327942848},"size":4.602786064147949,"orthographic":false}