{"cameraMode":{"drawMode":0,"name":"Shaded","section":"Shading Mode"},"sceneLighting":false,"audioPlay":false,"sceneViewState":{"showFog":true,"showMaterialUpdate":true,"showSkybox":true,"showFlares":true,"showImageEffects":true,"showParticleSystems":true},"in2DMode":false,"pivot":{"x":-2.5232911109924318,"y":-2.019057035446167,"z":0.4648105800151825},"rotation":{"x":-0.1293725073337555,"y":0.7821853160858154,"z":-0.17309562861919404,"w":-0.584434449672699},"size":21.423641204833986,"orthographic":false}