{"cameraMode":{"drawMode":0,"name":"Shaded","section":"Shading Mode"},"sceneLighting":false,"audioPlay":false,"sceneViewState":{"showFog":false,"showMaterialUpdate":false,"showSkybox":false,"showFlares":false,"showImageEffects":false,"showParticleSystems":false},"in2DMode":false,"pivot":{"x":-0.5406200885772705,"y":1.532554268836975,"z":1.0123505592346192},"rotation":{"x":0.0796518474817276,"y":0.6827475428581238,"z":-0.07526971399784088,"w":0.7224098443984985},"size":2.8015623092651369,"orthographic":false}