{"cameraMode":{"drawMode":0,"name":"Shaded","section":"Shading Mode"},"sceneLighting":false,"audioPlay":false,"sceneViewState":{"showFog":true,"showMaterialUpdate":true,"showSkybox":true,"showFlares":true,"showImageEffects":true,"showParticleSystems":true},"in2DMode":false,"pivot":{"x":445.3084411621094,"y":189.5966033935547,"z":341.95684814453127},"rotation":{"x":0.06245420500636101,"y":0.15948770940303803,"z":-0.010110360570251942,"w":0.9851736426353455},"size":1304.0721435546875,"orthographic":false}