{"cameraMode":{"drawMode":0,"name":"Shaded","section":"Shading Mode"},"sceneLighting":false,"audioPlay":false,"sceneViewState":{"showFog":false,"showMaterialUpdate":false,"showSkybox":false,"showFlares":false,"showImageEffects":false,"showParticleSystems":false},"in2DMode":false,"pivot":{"x":13.970561981201172,"y":0.19782066345214845,"z":8.427045822143555},"rotation":{"x":-0.17926806211471559,"y":0.7616258859634399,"z":-0.2371116280555725,"w":-0.5758477449417114},"size":18.013229370117189,"orthographic":false}