{"cameraMode":{"drawMode":0,"name":"Shaded","section":"Shading Mode"},"sceneLighting":true,"audioPlay":false,"sceneViewState":{"showFog":true,"showMaterialUpdate":true,"showSkybox":true,"showFlares":true,"showImageEffects":true,"showParticleSystems":true},"in2DMode":false,"pivot":{"x":2.596022367477417,"y":-26.491409301757814,"z":210.3335418701172},"rotation":{"x":-0.08121919631958008,"y":-0.005699211731553078,"z":0.0004645859298761934,"w":-0.9966863393783569},"size":240.25167846679688,"orthographic":false}