{"cameraMode":{"drawMode":0,"name":"Shaded","section":"Shading Mode"},"sceneLighting":true,"audioPlay":false,"sceneViewState":{"showFog":true,"showMaterialUpdate":false,"showSkybox":true,"showFlares":true,"showImageEffects":true,"showParticleSystems":true},"in2DMode":false,"pivot":{"x":95.74879455566406,"y":-27.588863372802736,"z":140.37803649902345},"rotation":{"x":0.10885594040155411,"y":0.2967352867126465,"z":-0.034065742045640948,"w":0.94813472032547},"size":206.7404327392578,"orthographic":false}