{"cameraMode":{"drawMode":0,"name":"Shaded","section":"Shading Mode"},"sceneLighting":true,"audioPlay":false,"sceneViewState":{"showFog":true,"showMaterialUpdate":false,"showSkybox":true,"showFlares":true,"showImageEffects":true,"showParticleSystems":true},"in2DMode":false,"pivot":{"x":11.809441566467286,"y":-4.700906276702881,"z":-1.6568223237991334},"rotation":{"x":0.21600812673568726,"y":0.566586434841156,"z":-0.15699228644371034,"w":0.779545783996582},"size":22.0,"orthographic":false}