{"cameraMode":{"drawMode":0,"name":"Shaded","section":"Shading Mode"},"sceneLighting":false,"audioPlay":false,"sceneViewState":{"showFog":true,"showMaterialUpdate":false,"showSkybox":false,"showFlares":true,"showImageEffects":true,"showParticleSystems":true},"in2DMode":false,"pivot":{"x":1.5861510038375855,"y":0.054557278752326968,"z":0.5658739805221558},"rotation":{"x":-0.0986170545220375,"y":0.2587139308452606,"z":-0.026561956852674485,"w":-0.9605461955070496},"size":5.080056667327881,"orthographic":false}