{"cameraMode":{"drawMode":0,"name":"Shaded","section":"Shading Mode"},"sceneLighting":true,"audioPlay":false,"sceneViewState":{"showFog":true,"showMaterialUpdate":false,"showSkybox":true,"showFlares":true,"showImageEffects":true,"showParticleSystems":true},"in2DMode":false,"pivot":{"x":4.446658611297607,"y":-5.007754325866699,"z":-12.903522491455079},"rotation":{"x":-0.3311464190483093,"y":-0.09516852349042893,"z":0.033583011478185657,"w":-0.9381946921348572},"size":34.659576416015628,"orthographic":false}