{"cameraMode":{"drawMode":0,"name":"Shaded","section":"Shading Mode"},"sceneLighting":true,"audioPlay":false,"sceneViewState":{"showFog":true,"showMaterialUpdate":false,"showSkybox":true,"showFlares":true,"showImageEffects":true,"showParticleSystems":true},"in2DMode":false,"pivot":{"x":-3.050854206085205,"y":3.3936924934387209,"z":-14.242191314697266},"rotation":{"x":-0.17311666905879975,"y":-0.5701518654823303,"z":0.12438177317380905,"w":-0.7934343218803406},"size":5.900179862976074,"orthographic":false}