{"cameraMode":{"drawMode":0,"name":"Shaded","section":"Shading Mode"},"sceneLighting":false,"audioPlay":false,"sceneViewState":{"showFog":true,"showMaterialUpdate":false,"showSkybox":false,"showFlares":true,"showImageEffects":true,"showParticleSystems":true},"in2DMode":false,"pivot":{"x":1.6492509841918946,"y":1.0476884841918946,"z":0.10709162801504135},"rotation":{"x":-0.11890919506549835,"y":0.8546689748764038,"z":-0.2244432121515274,"w":-0.4527996778488159},"size":2.1212117671966554,"orthographic":false}