{"cameraMode":{"drawMode":0,"name":"Shaded","section":"Shading Mode"},"sceneLighting":false,"audioPlay":false,"sceneViewState":{"showFog":true,"showMaterialUpdate":false,"showSkybox":false,"showFlares":true,"showImageEffects":true,"showParticleSystems":true},"in2DMode":false,"pivot":{"x":0.9434839487075806,"y":1.241225004196167,"z":1.8167773485183716},"rotation":{"x":-0.01555719319730997,"y":0.9760561585426331,"z":-0.20376700162887574,"w":-0.07451851665973664},"size":2.1212117671966554,"orthographic":false}