{"cameraMode":{"drawMode":0,"name":"Shaded","section":"Shading Mode"},"sceneLighting":true,"audioPlay":false,"sceneViewState":{"showFog":true,"showMaterialUpdate":false,"showSkybox":true,"showFlares":true,"showImageEffects":true,"showParticleSystems":true},"in2DMode":false,"pivot":{"x":1736.432373046875,"y":760.7583618164063,"z":24.327606201171876},"rotation":{"x":0.06563897430896759,"y":0.012881429865956307,"z":0.0008535271626897156,"w":-0.997786819934845},"size":334.5636291503906,"orthographic":false}