{"cameraMode":{"drawMode":0,"name":"Shaded","section":"Shading Mode"},"sceneLighting":true,"audioPlay":false,"sceneViewState":{"showFog":true,"showMaterialUpdate":false,"showSkybox":true,"showFlares":true,"showImageEffects":true,"showParticleSystems":true},"in2DMode":false,"pivot":{"x":1.5899906158447266,"y":-0.12926387786865235,"z":-13.348413467407227},"rotation":{"x":-0.20120786130428315,"y":-0.22459684312343598,"z":0.04742546007037163,"w":-0.9523352980613709},"size":32.38724136352539,"orthographic":false}