{"cameraMode":{"drawMode":0,"name":"Shaded","section":"Shading Mode"},"sceneLighting":true,"audioPlay":false,"sceneViewState":{"showFog":true,"showMaterialUpdate":false,"showSkybox":true,"showFlares":true,"showImageEffects":true,"showParticleSystems":true},"in2DMode":false,"pivot":{"x":-0.18000006675720216,"y":5.678575038909912,"z":-32.9820671081543},"rotation":{"x":-0.2389242798089981,"y":0.10550198704004288,"z":-0.026132293045520784,"w":-0.9650001525878906},"size":55.47322463989258,"orthographic":false}