{"cameraMode":{"drawMode":0,"name":"Shaded","section":"Shading Mode"},"sceneLighting":false,"audioPlay":false,"sceneViewState":{"showFog":true,"showMaterialUpdate":false,"showSkybox":false,"showFlares":true,"showImageEffects":true,"showParticleSystems":true},"in2DMode":false,"pivot":{"x":935.635009765625,"y":497.21002197265627,"z":-31.230422973632814},"rotation":{"x":0.01698196306824684,"y":-0.978816568851471,"z":-0.18296532332897187,"w":-0.09099787473678589},"size":1566.137939453125,"orthographic":false}