{"cameraMode":{"drawMode":0,"name":"Shaded","section":"Shading Mode"},"sceneLighting":true,"audioPlay":false,"sceneViewState":{"showFog":true,"showMaterialUpdate":false,"showSkybox":true,"showFlares":true,"showImageEffects":true,"showParticleSystems":true},"in2DMode":false,"pivot":{"x":-1.7872687578201295,"y":-112.08657836914063,"z":-10.504220008850098},"rotation":{"x":-0.7103460431098938,"y":0.01642889343202114,"z":-0.01666191592812538,"w":-0.7035438418388367},"size":157.7553253173828,"orthographic":false}