{"cameraMode":{"drawMode":0,"name":"Shaded","section":"Shading Mode"},"sceneLighting":true,"audioPlay":false,"sceneViewState":{"showFog":true,"showMaterialUpdate":false,"showSkybox":true,"showFlares":true,"showImageEffects":true,"showParticleSystems":true},"in2DMode":false,"pivot":{"x":2.3967444896698,"y":7.97877836227417,"z":-6.405974388122559},"rotation":{"x":0.0004568954464048147,"y":-0.9992641806602478,"z":0.03780083730816841,"w":0.010780642740428448},"size":6.5819411277771,"orthographic":false}