{"cameraMode":{"drawMode":0,"name":"Shaded","section":"Shading Mode"},"sceneLighting":false,"audioPlay":false,"sceneViewState":{"showFog":true,"showMaterialUpdate":false,"showSkybox":false,"showFlares":true,"showImageEffects":true,"showParticleSystems":true},"in2DMode":false,"pivot":{"x":1.1548500061035157,"y":-0.48014354705810549,"z":0.2952289581298828},"rotation":{"x":-0.01545189693570137,"y":-0.9738944172859192,"z":0.21554754674434663,"w":-0.06996462494134903},"size":8.294726371765137,"orthographic":false}