{"cameraMode":{"drawMode":0,"name":"Shaded","section":"Shading Mode"},"sceneLighting":false,"audioPlay":false,"sceneViewState":{"showFog":true,"showMaterialUpdate":false,"showSkybox":false,"showFlares":true,"showImageEffects":true,"showParticleSystems":true},"in2DMode":false,"pivot":{"x":0.23302459716796876,"y":5.624118804931641,"z":10.413070678710938},"rotation":{"x":0.25543612241744997,"y":0.6450327634811401,"z":-0.24302354454994203,"w":0.6779890656471252},"size":206.68707275390626,"orthographic":false}