{"cameraMode":{"drawMode":0,"name":"Shaded","section":"Shading Mode"},"sceneLighting":false,"audioPlay":false,"sceneViewState":{"showFog":true,"showMaterialUpdate":false,"showSkybox":false,"showFlares":true,"showImageEffects":true,"showParticleSystems":true},"in2DMode":false,"pivot":{"x":0.32411372661590578,"y":5.35366678237915,"z":0.07787865400314331},"rotation":{"x":-0.09865646064281464,"y":0.8504564762115479,"z":-0.17222756147384644,"w":-0.48716381192207339},"size":2.753190755844116,"orthographic":false}