{"cameraMode":{"drawMode":0,"name":"Shaded","section":"Shading Mode"},"sceneLighting":false,"audioPlay":false,"sceneViewState":{"showFog":true,"showMaterialUpdate":false,"showSkybox":false,"showFlares":true,"showImageEffects":true,"showParticleSystems":true},"in2DMode":false,"pivot":{"x":9.861265182495118,"y":4.647903919219971,"z":-18.408390045166017},"rotation":{"x":-0.09897446632385254,"y":0.8824804425239563,"z":-0.21484467387199403,"w":-0.40654033422470095},"size":4.072471618652344,"orthographic":false}