{"cameraMode":{"drawMode":0,"name":"Shaded","section":"Shading Mode"},"sceneLighting":false,"audioPlay":false,"sceneViewState":{"showFog":true,"showMaterialUpdate":false,"showSkybox":false,"showFlares":true,"showImageEffects":true,"showParticleSystems":true},"in2DMode":false,"pivot":{"x":-0.0763731598854065,"y":0.3753778338432312,"z":396.0},"rotation":{"x":0.00486456835642457,"y":-0.9928679466247559,"z":0.11097382009029389,"w":0.04350671544671059},"size":10.531169891357422,"orthographic":false}