{"cameraMode":{"drawMode":0,"name":"Shaded","section":"Shading Mode"},"sceneLighting":false,"audioPlay":false,"sceneViewState":{"showFog":true,"showMaterialUpdate":false,"showSkybox":false,"showFlares":true,"showImageEffects":true,"showParticleSystems":true},"in2DMode":false,"pivot":{"x":0.34721529483795168,"y":0.036548614501953128,"z":0.6541235446929932},"rotation":{"x":-0.19587863981723786,"y":0.10510510951280594,"z":-0.021121399477124215,"w":-0.9747600555419922},"size":4.637269020080566,"orthographic":false}