{"cameraMode":{"drawMode":0,"name":"Shaded","section":"Shading Mode"},"sceneLighting":false,"audioPlay":false,"sceneViewState":{"showFog":true,"showMaterialUpdate":false,"showSkybox":false,"showFlares":true,"showImageEffects":true,"showParticleSystems":true},"in2DMode":false,"pivot":{"x":603.4183349609375,"y":418.232666015625,"z":25.083770751953126},"rotation":{"x":-0.15991544723510743,"y":0.049740251153707507,"z":-0.008071337826550007,"w":-0.9858561754226685},"size":1342.5753173828125,"orthographic":false}