{"cameraMode":{"drawMode":0,"name":"Shaded","section":"Shading Mode"},"sceneLighting":false,"audioPlay":false,"sceneViewState":{"showFog":true,"showMaterialUpdate":false,"showSkybox":false,"showFlares":true,"showImageEffects":true,"showParticleSystems":true},"in2DMode":false,"pivot":{"x":-0.6003082394599915,"y":5.11756706237793,"z":-33.82156753540039},"rotation":{"x":0.013624454848468304,"y":0.9858792424201965,"z":-0.10121840238571167,"w":0.13270430266857148},"size":3.1065852642059328,"orthographic":false}