{"cameraMode":{"drawMode":0,"name":"Shaded","section":"Shading Mode"},"sceneLighting":true,"audioPlay":false,"sceneViewState":{"showFog":true,"showMaterialUpdate":false,"showSkybox":true,"showFlares":true,"showImageEffects":true,"showParticleSystems":true},"in2DMode":false,"pivot":{"x":-4.237215518951416,"y":6.137943267822266,"z":-7.2496538162231449},"rotation":{"x":0.296922504901886,"y":-0.49511533975601199,"z":0.18484216928482057,"w":0.7953633069992065},"size":13.527037620544434,"orthographic":true}