{"cameraMode":{"drawMode":0,"name":"Shaded","section":"Shading Mode"},"sceneLighting":false,"audioPlay":false,"sceneViewState":{"showFog":true,"showMaterialUpdate":false,"showSkybox":false,"showFlares":true,"showImageEffects":true,"showParticleSystems":true},"in2DMode":false,"pivot":{"x":0.5144883990287781,"y":0.9789571166038513,"z":-0.020028667524456979},"rotation":{"x":-0.1749625951051712,"y":0.6290014386177063,"z":-0.14814171195030213,"w":-0.7428508996963501},"size":1.4404449462890626,"orthographic":false}