{"cameraMode":{"drawMode":0,"name":"Shaded","section":"Shading Mode"},"sceneLighting":true,"audioPlay":false,"sceneViewState":{"showFog":true,"showMaterialUpdate":false,"showSkybox":true,"showFlares":true,"showImageEffects":true,"showParticleSystems":true},"in2DMode":false,"pivot":{"x":876.0571899414063,"y":499.4522705078125,"z":-14.6912841796875},"rotation":{"x":0.0347796194255352,"y":-0.037476424127817157,"z":0.001280571217648685,"w":0.9987141489982605},"size":1552.806884765625,"orthographic":false}