{"cameraMode":{"drawMode":0,"name":"Shaded","section":"Shading Mode"},"sceneLighting":false,"audioPlay":false,"sceneViewState":{"showFog":true,"showMaterialUpdate":false,"showSkybox":false,"showFlares":true,"showImageEffects":true,"showParticleSystems":true},"in2DMode":false,"pivot":{"x":1187.442626953125,"y":583.14453125,"z":-172.518310546875},"rotation":{"x":-0.2364678531885147,"y":-0.18577004969120027,"z":0.046106770634651187,"w":-0.9526220560073853},"size":1319.5595703125,"orthographic":false}