{"cameraMode":{"drawMode":0,"name":"Shaded","section":"Shading Mode"},"sceneLighting":false,"audioPlay":false,"sceneViewState":{"showFog":true,"showMaterialUpdate":false,"showSkybox":false,"showFlares":true,"showImageEffects":true,"showParticleSystems":true},"in2DMode":false,"pivot":{"x":10.474624633789063,"y":5.377231121063232,"z":-18.006086349487306},"rotation":{"x":-0.031262364238500598,"y":0.9437397718429565,"z":-0.3156900703907013,"w":-0.09344963729381561},"size":2.5724716186523439,"orthographic":false}