{"cameraMode":{"drawMode":0,"name":"Shaded","section":"Shading Mode"},"sceneLighting":true,"audioPlay":false,"sceneViewState":{"showFog":true,"showMaterialUpdate":false,"showSkybox":true,"showFlares":true,"showImageEffects":true,"showParticleSystems":true},"in2DMode":false,"pivot":{"x":2.934765100479126,"y":6.705084323883057,"z":-21.42195701599121},"rotation":{"x":-0.23733538389205934,"y":0.5502811074256897,"z":-0.1667940467596054,"w":-0.7829892635345459},"size":8.44357967376709,"orthographic":false}