{"cameraMode":{"drawMode":0,"name":"Shaded","section":"Shading Mode"},"sceneLighting":false,"audioPlay":false,"sceneViewState":{"showFog":true,"showMaterialUpdate":false,"showSkybox":false,"showFlares":true,"showImageEffects":true,"showParticleSystems":true},"in2DMode":false,"pivot":{"x":1.8131871223449708,"y":1.6022955179214478,"z":0.5054541826248169},"rotation":{"x":-0.24841807782649995,"y":0.6149622797966003,"z":-0.21291443705558778,"w":-0.7174966335296631},"size":3.8166024684906008,"orthographic":false}