{"cameraMode":{"drawMode":0,"name":"Shaded","section":"Shading Mode"},"sceneLighting":true,"audioPlay":false,"sceneViewState":{"showFog":true,"showMaterialUpdate":false,"showSkybox":true,"showFlares":true,"showImageEffects":true,"showParticleSystems":true},"in2DMode":false,"pivot":{"x":2.9889919757843019,"y":8.118358612060547,"z":-13.963242530822754},"rotation":{"x":-0.19687314331531526,"y":0.6388438940048218,"z":-0.17392300069332124,"w":-0.7231185436248779},"size":42.392494201660159,"orthographic":false}