{"cameraMode":{"drawMode":0,"name":"Shaded","section":"Shading Mode"},"sceneLighting":false,"audioPlay":false,"sceneViewState":{"showFog":true,"showMaterialUpdate":false,"showSkybox":false,"showFlares":true,"showImageEffects":true,"showParticleSystems":true},"in2DMode":false,"pivot":{"x":-2.079765796661377,"y":-0.02130805514752865,"z":-0.988405168056488},"rotation":{"x":0.052404582500457767,"y":-0.9425621628761292,"z":0.17766724526882173,"w":0.27798154950141909},"size":4.617527484893799,"orthographic":false}