{"cameraMode":{"drawMode":0,"name":"Shaded","section":"Shading Mode"},"sceneLighting":false,"audioPlay":false,"sceneViewState":{"showFog":true,"showMaterialUpdate":false,"showSkybox":false,"showFlares":true,"showImageEffects":true,"showParticleSystems":true},"in2DMode":false,"pivot":{"x":-1.6399999856948853,"y":4.519999980926514,"z":3.5369999408721926},"rotation":{"x":0.21903321146965028,"y":-0.748264729976654,"z":0.29739779233932497,"w":0.5510796308517456},"size":0.7144709229469299,"orthographic":false}