{"cameraMode":{"drawMode":0,"name":"Shaded","section":"Shading Mode"},"sceneLighting":true,"audioPlay":false,"sceneViewState":{"showFog":true,"showMaterialUpdate":false,"showSkybox":true,"showFlares":true,"showImageEffects":true,"showParticleSystems":true},"in2DMode":false,"pivot":{"x":22.55659294128418,"y":1.904545783996582,"z":-6.623550891876221},"rotation":{"x":0.005716996733099222,"y":0.9877976179122925,"z":-0.037365805357694629,"w":0.15111103653907777},"size":13.681975364685059,"orthographic":false}