{"cameraMode":{"drawMode":0,"name":"Shaded","section":"Shading Mode"},"sceneLighting":false,"audioPlay":false,"sceneViewState":{"showFog":true,"showMaterialUpdate":false,"showSkybox":false,"showFlares":true,"showImageEffects":true,"showParticleSystems":true},"in2DMode":false,"pivot":{"x":-1.2477887868881226,"y":1.1079939603805543,"z":1.573256015777588},"rotation":{"x":-0.1345328837633133,"y":-0.8579860925674439,"z":0.28414884209632876,"w":-0.40624162554740908},"size":3.5999069213867189,"orthographic":false}