{"cameraMode":{"drawMode":0,"name":"Shaded","section":"Shading Mode"},"sceneLighting":true,"audioPlay":false,"sceneViewState":{"showFog":true,"showMaterialUpdate":false,"showSkybox":true,"showFlares":true,"showImageEffects":true,"showParticleSystems":true},"in2DMode":false,"pivot":{"x":-1.5591330528259278,"y":-1.7738572359085084,"z":-13.042614936828614},"rotation":{"x":0.017919374629855157,"y":-0.8799132108688355,"z":0.47365057468414309,"w":0.03326840326189995},"size":42.23238754272461,"orthographic":false}