{"cameraMode":{"drawMode":0,"name":"Shaded","section":"Shading Mode"},"sceneLighting":false,"audioPlay":false,"sceneViewState":{"showFog":true,"showMaterialUpdate":false,"showSkybox":false,"showFlares":true,"showImageEffects":true,"showParticleSystems":true},"in2DMode":false,"pivot":{"x":0.1284933090209961,"y":10.522632598876954,"z":-2.6329593658447267},"rotation":{"x":-0.12883257865905763,"y":-0.8696608543395996,"z":0.3084285259246826,"w":-0.36329415440559389},"size":147.92796325683595,"orthographic":false}