{"cameraMode":{"drawMode":0,"name":"Shaded","section":"Shading Mode"},"sceneLighting":false,"audioPlay":false,"sceneViewState":{"showFog":true,"showMaterialUpdate":false,"showSkybox":false,"showFlares":true,"showImageEffects":true,"showParticleSystems":true},"in2DMode":false,"pivot":{"x":1071.572998046875,"y":518.7552490234375,"z":-377.4780578613281},"rotation":{"x":-0.08865974098443985,"y":0.027484849095344545,"z":-0.002446618163958192,"w":-0.9956838488578796},"size":1192.7213134765625,"orthographic":false}