{"cameraMode":{"drawMode":0,"name":"Shaded","section":"Shading Mode"},"sceneLighting":true,"audioPlay":false,"sceneViewState":{"showFog":true,"showMaterialUpdate":false,"showSkybox":true,"showFlares":true,"showImageEffects":true,"showParticleSystems":true},"in2DMode":false,"pivot":{"x":-81.47293853759766,"y":-181.53549194335938,"z":277.39593505859377},"rotation":{"x":0.2631164789199829,"y":-0.13119389116764069,"z":0.03614742308855057,"w":0.9551348686218262},"size":369.97161865234377,"orthographic":false}