{"cameraMode":{"drawMode":0,"name":"Shaded","section":"Shading Mode"},"sceneLighting":true,"audioPlay":false,"sceneViewState":{"showFog":true,"showMaterialUpdate":true,"showSkybox":true,"showFlares":true,"showImageEffects":true,"showParticleSystems":true},"in2DMode":false,"pivot":{"x":-0.42737776041030886,"y":3.5779833793640138,"z":-6.848640441894531},"rotation":{"x":-0.0572785846889019,"y":0.0002815399202518165,"z":-0.000015384386642836034,"w":-0.9983627200126648},"size":35.89208221435547,"orthographic":false}