{"cameraMode":{"drawMode":0,"name":"Shaded","section":"Shading Mode"},"sceneLighting":false,"audioPlay":false,"sceneViewState":{"showFog":true,"showMaterialUpdate":false,"showSkybox":false,"showFlares":true,"showImageEffects":true,"showParticleSystems":true},"in2DMode":false,"pivot":{"x":958.1494750976563,"y":539.9083862304688,"z":200.16661071777345},"rotation":{"x":-0.07316381484270096,"y":-0.12473384290933609,"z":0.00922305602580309,"w":-0.989447295665741},"size":3700.038818359375,"orthographic":false}