{"cameraMode":{"drawMode":0,"name":"Shaded","section":"Shading Mode"},"sceneLighting":true,"audioPlay":false,"sceneViewState":{"showFog":true,"showMaterialUpdate":false,"showSkybox":true,"showFlares":true,"showImageEffects":true,"showParticleSystems":true},"in2DMode":false,"pivot":{"x":4.924132823944092,"y":-24.727399826049806,"z":35.46659469604492},"rotation":{"x":0.3648449778556824,"y":0.2269708514213562,"z":-0.09218750149011612,"w":0.8982687592506409},"size":104.12359619140625,"orthographic":false}