{"cameraMode":{"drawMode":0,"name":"Shaded","section":"Shading Mode"},"sceneLighting":false,"audioPlay":false,"sceneViewState":{"showFog":true,"showMaterialUpdate":false,"showSkybox":false,"showFlares":true,"showImageEffects":true,"showParticleSystems":true},"in2DMode":false,"pivot":{"x":0.08015243709087372,"y":0.6358273029327393,"z":396.14654541015627},"rotation":{"x":-0.0039460379630327229,"y":0.9631826281547546,"z":-0.26844602823257449,"w":-0.014158760197460652},"size":2.1579296588897707,"orthographic":false}