{"cameraMode":{"drawMode":0,"name":"Shaded","section":"Shading Mode"},"sceneLighting":true,"audioPlay":false,"sceneViewState":{"showFog":true,"showMaterialUpdate":false,"showSkybox":true,"showFlares":true,"showImageEffects":true,"showParticleSystems":true},"in2DMode":false,"pivot":{"x":9.673870086669922,"y":-62.73417663574219,"z":36.59112548828125},"rotation":{"x":0.41142991185188296,"y":0.09134747087955475,"z":-0.041486941277980807,"w":0.9059107899665833},"size":104.12359619140625,"orthographic":false}