{"cameraMode":{"drawMode":0,"name":"Shaded","section":"Shading Mode"},"sceneLighting":false,"audioPlay":false,"sceneViewState":{"showFog":true,"showMaterialUpdate":false,"showSkybox":false,"showFlares":true,"showImageEffects":true,"showParticleSystems":true},"in2DMode":false,"pivot":{"x":-0.4848044216632843,"y":-2.273862361907959,"z":2.7735767364501955},"rotation":{"x":-0.32096734642982485,"y":0.38720613718032839,"z":-0.1458825320005417,"w":-0.8519222140312195},"size":8.116390228271485,"orthographic":false}