{"cameraMode":{"drawMode":0,"name":"Shaded","section":"Shading Mode"},"sceneLighting":false,"audioPlay":false,"sceneViewState":{"showFog":true,"showMaterialUpdate":false,"showSkybox":false,"showFlares":true,"showImageEffects":true,"showParticleSystems":true},"in2DMode":false,"pivot":{"x":-0.7879042625427246,"y":6.529572486877441,"z":-0.22144806385040284},"rotation":{"x":-0.11876344680786133,"y":-0.6022157669067383,"z":0.09120655059814453,"w":-0.784165620803833},"size":2.570100784301758,"orthographic":false}