{"cameraMode":{"drawMode":0,"name":"Shaded","section":"Shading Mode"},"sceneLighting":false,"audioPlay":false,"sceneViewState":{"showFog":true,"showMaterialUpdate":false,"showSkybox":false,"showFlares":true,"showImageEffects":true,"showParticleSystems":true},"in2DMode":false,"pivot":{"x":0.7425341606140137,"y":0.3894377052783966,"z":396.13177490234377},"rotation":{"x":-0.0018095498671755195,"y":-0.009902706369757653,"z":0.00001785541644494515,"w":-0.99994957447052},"size":3.6493289470672609,"orthographic":false}