{"cameraMode":{"drawMode":0,"name":"Shaded","section":"Shading Mode"},"sceneLighting":false,"audioPlay":false,"sceneViewState":{"showFog":true,"showMaterialUpdate":false,"showSkybox":false,"showFlares":true,"showImageEffects":true,"showParticleSystems":true},"in2DMode":false,"pivot":{"x":-2.013700008392334,"y":3.424999952316284,"z":10.155200004577637},"rotation":{"x":-0.027254339307546617,"y":0.9718261361122131,"z":-0.14271442592144013,"w":-0.18559059500694276},"size":0.8116392493247986,"orthographic":false}