{"cameraMode":{"drawMode":0,"name":"Shaded","section":"Shading Mode"},"sceneLighting":false,"audioPlay":false,"sceneViewState":{"showFog":true,"showMaterialUpdate":false,"showSkybox":false,"showFlares":true,"showImageEffects":true,"showParticleSystems":true},"in2DMode":false,"pivot":{"x":0.03257059305906296,"y":0.7265974283218384,"z":0.59131920337677},"rotation":{"x":-0.055779829621315,"y":0.006586323957890272,"z":-0.0003698849759530276,"w":-0.9984283447265625},"size":2.3576197624206545,"orthographic":false}