{"cameraMode":{"drawMode":0,"name":"Shaded","section":"Shading Mode"},"sceneLighting":false,"audioPlay":false,"sceneViewState":{"showFog":false,"showMaterialUpdate":false,"showSkybox":false,"showFlares":false,"showImageEffects":false,"showParticleSystems":true},"in2DMode":false,"pivot":{"x":10.40189266204834,"y":-2.9922308921813967,"z":-0.4979417324066162},"rotation":{"x":0.13867118954658509,"y":0.7190460562705994,"z":-0.15011189877986909,"w":0.6642434000968933},"size":17.69001579284668,"orthographic":false}