{"cameraMode":{"drawMode":0,"name":"Shaded","section":"Shading Mode"},"sceneLighting":true,"audioPlay":false,"sceneViewState":{"showFog":false,"showMaterialUpdate":false,"showSkybox":false,"showFlares":false,"showImageEffects":false,"showParticleSystems":true},"in2DMode":false,"pivot":{"x":-14.719684600830079,"y":-210.1555633544922,"z":-235.82476806640626},"rotation":{"x":-0.0014391248114407063,"y":-0.9292885661125183,"z":0.3693498373031616,"w":-0.0036172280088067056},"size":449.3094482421875,"orthographic":false}