{"cameraMode":{"drawMode":0,"name":"Shaded","section":"Shading Mode"},"sceneLighting":false,"audioPlay":false,"sceneViewState":{"showFog":true,"showMaterialUpdate":false,"showSkybox":false,"showFlares":true,"showImageEffects":true,"showParticleSystems":true},"in2DMode":false,"pivot":{"x":0.03971518948674202,"y":0.7733034491539002,"z":-0.7206767201423645},"rotation":{"x":0.0002001256652874872,"y":0.9994761943817139,"z":-0.03180370479822159,"w":0.0062977406196296219},"size":2.1452343463897707,"orthographic":false}