{"cameraMode":{"drawMode":0,"name":"Shaded","section":"Shading Mode"},"sceneLighting":false,"audioPlay":false,"sceneViewState":{"showFog":true,"showMaterialUpdate":false,"showSkybox":false,"showFlares":true,"showImageEffects":true,"showParticleSystems":true},"in2DMode":false,"pivot":{"x":-2.5808026790618898,"y":1.1128644943237305,"z":2.445235013961792},"rotation":{"x":0.1340179145336151,"y":0.1838141232728958,"z":-0.02530621737241745,"w":0.9734819531440735},"size":1.4289418458938599,"orthographic":false}