{"cameraMode":{"drawMode":0,"name":"Shaded","section":"Shading Mode"},"sceneLighting":false,"audioPlay":false,"sceneViewState":{"showFog":true,"showMaterialUpdate":false,"showSkybox":false,"showFlares":true,"showImageEffects":true,"showParticleSystems":true},"in2DMode":false,"pivot":{"x":-8.862874031066895,"y":-1.593514323234558,"z":399.08929443359377},"rotation":{"x":0.07423527538776398,"y":-0.6019273400306702,"z":0.05631125718355179,"w":0.7931298613548279},"size":12.815114974975586,"orthographic":false}