{"cameraMode":{"drawMode":0,"name":"Shaded","section":"Shading Mode"},"sceneLighting":false,"audioPlay":false,"sceneViewState":{"showFog":true,"showMaterialUpdate":false,"showSkybox":false,"showFlares":true,"showImageEffects":true,"showParticleSystems":true},"in2DMode":false,"pivot":{"x":0.04999995231628418,"y":0.15000000596046449,"z":0.0},"rotation":{"x":0.2729853093624115,"y":-0.3577619791030884,"z":0.11019768565893173,"w":0.8862172365188599},"size":0.5217757821083069,"orthographic":false}