{"cameraMode":{"drawMode":0,"name":"Shaded","section":"Shading Mode"},"sceneLighting":false,"audioPlay":false,"sceneViewState":{"showFog":true,"showMaterialUpdate":false,"showSkybox":false,"showFlares":true,"showImageEffects":true,"showParticleSystems":true},"in2DMode":false,"pivot":{"x":0.016473527997732164,"y":0.3850136697292328,"z":0.8072012662887573},"rotation":{"x":0.11630010604858399,"y":-0.6784857511520386,"z":0.11005757749080658,"w":0.7169862985610962},"size":3.6559059619903566,"orthographic":false}