{"cameraMode":{"drawMode":0,"name":"Shaded","section":"Shading Mode"},"sceneLighting":true,"audioPlay":false,"sceneViewState":{"showFog":true,"showMaterialUpdate":false,"showSkybox":true,"showFlares":true,"showImageEffects":true,"showParticleSystems":true},"in2DMode":false,"pivot":{"x":-4.020012378692627,"y":2.567014217376709,"z":-16.904367446899415},"rotation":{"x":0.054751548916101459,"y":-0.9450681805610657,"z":0.23760290443897248,"w":0.2177753746509552},"size":10.854296684265137,"orthographic":false}