{"cameraMode":{"drawMode":0,"name":"Shaded","section":"Shading Mode"},"sceneLighting":false,"audioPlay":false,"sceneViewState":{"showFog":true,"showMaterialUpdate":false,"showSkybox":false,"showFlares":true,"showImageEffects":true,"showParticleSystems":true},"in2DMode":false,"pivot":{"x":959.462890625,"y":539.8605346679688,"z":0.08008715510368347},"rotation":{"x":0.16091330349445344,"y":0.3254801332950592,"z":-0.056295253336429599,"w":0.9300785064697266},"size":3636.56884765625,"orthographic":false}