{"cameraMode":{"drawMode":0,"name":"Shaded","section":"Shading Mode"},"sceneLighting":true,"audioPlay":false,"sceneViewState":{"showFog":true,"showMaterialUpdate":false,"showSkybox":true,"showFlares":true,"showImageEffects":true,"showParticleSystems":true},"in2DMode":false,"pivot":{"x":1.2857054471969605,"y":3.9988317489624025,"z":-12.081390380859375},"rotation":{"x":0.053513363003730777,"y":0.9185315370559692,"z":-0.36826881766319277,"w":0.13347236812114716},"size":86.13822174072266,"orthographic":false}