{"cameraMode":{"drawMode":0,"name":"Shaded","section":"Shading Mode"},"sceneLighting":false,"audioPlay":false,"sceneViewState":{"showFog":true,"showMaterialUpdate":false,"showSkybox":false,"showFlares":true,"showImageEffects":true,"showParticleSystems":true},"in2DMode":false,"pivot":{"x":-0.43127143383026125,"y":0.45875275135040285,"z":396.7874450683594},"rotation":{"x":0.013391497544944287,"y":-0.9808347225189209,"z":0.18031558394432069,"w":0.0728217214345932},"size":2.087763547897339,"orthographic":false}