{"cameraMode":{"drawMode":0,"name":"Shaded","section":"Shading Mode"},"sceneLighting":false,"audioPlay":false,"sceneViewState":{"showFog":true,"showMaterialUpdate":false,"showSkybox":false,"showFlares":true,"showImageEffects":true,"showParticleSystems":true},"in2DMode":false,"pivot":{"x":2.618473899929086e-7,"y":0.7584255337715149,"z":395.96453857421877},"rotation":{"x":0.0030100680887699129,"y":-0.9902492761611939,"z":0.13783997297286988,"w":0.02139701321721077},"size":2.745234251022339,"orthographic":false}