{"cameraMode":{"drawMode":0,"name":"Shaded","section":"Shading Mode"},"sceneLighting":true,"audioPlay":false,"sceneViewState":{"showFog":true,"showMaterialUpdate":false,"showSkybox":true,"showFlares":true,"showImageEffects":true,"showParticleSystems":true},"in2DMode":false,"pivot":{"x":-4.4036359786987309,"y":-1.3825023174285889,"z":-23.24094581604004},"rotation":{"x":-0.09064432978630066,"y":0.9018353223800659,"z":-0.23105013370513917,"w":-0.3537639081478119},"size":13.466392517089844,"orthographic":false}