{"cameraMode":{"drawMode":0,"name":"Shaded","section":"Shading Mode"},"sceneLighting":true,"audioPlay":false,"sceneViewState":{"showFog":true,"showMaterialUpdate":false,"showSkybox":true,"showFlares":true,"showImageEffects":true,"showParticleSystems":true},"in2DMode":false,"pivot":{"x":4.542801380157471,"y":-2.571136474609375,"z":-25.79496192932129},"rotation":{"x":0.03723524138331413,"y":0.9533970355987549,"z":-0.2688038945198059,"w":0.13209348917007447},"size":21.34113883972168,"orthographic":false}