{"cameraMode":{"drawMode":0,"name":"Shaded","section":"Shading Mode"},"sceneLighting":true,"audioPlay":false,"sceneViewState":{"showFog":true,"showMaterialUpdate":false,"showSkybox":true,"showFlares":true,"showImageEffects":true,"showParticleSystems":true},"in2DMode":false,"pivot":{"x":-11.197593688964844,"y":5.449319362640381,"z":-6.536972999572754},"rotation":{"x":0.1340179145336151,"y":0.1838141232728958,"z":-0.02530621737241745,"w":0.9734819531440735},"size":7.037524700164795,"orthographic":false}