{"cameraMode":{"drawMode":0,"name":"Shaded","section":"Shading Mode"},"sceneLighting":true,"audioPlay":false,"sceneViewState":{"showFog":true,"showMaterialUpdate":false,"showSkybox":true,"showFlares":true,"showImageEffects":true,"showParticleSystems":true},"in2DMode":false,"pivot":{"x":-3.316850423812866,"y":-8.148079872131348,"z":-50.41655349731445},"rotation":{"x":-0.009141861461102963,"y":-0.9894319176673889,"z":0.1256457418203354,"w":-0.07225395739078522},"size":57.78748321533203,"orthographic":false}