{"cameraMode":{"drawMode":0,"name":"Shaded","section":"Shading Mode"},"sceneLighting":true,"audioPlay":false,"sceneViewState":{"showFog":true,"showMaterialUpdate":false,"showSkybox":true,"showFlares":true,"showImageEffects":true,"showParticleSystems":true},"in2DMode":false,"pivot":{"x":-14.744725227355957,"y":-105.59358215332031,"z":-73.51480102539063},"rotation":{"x":-0.04768354818224907,"y":0.8677250146865845,"z":-0.4874326288700104,"w":-0.0848841667175293},"size":158.58238220214845,"orthographic":false}