{"cameraMode":{"drawMode":0,"name":"Shaded","section":"Shading Mode"},"sceneLighting":false,"audioPlay":false,"sceneViewState":{"showFog":true,"showMaterialUpdate":false,"showSkybox":false,"showFlares":true,"showImageEffects":true,"showParticleSystems":true},"in2DMode":false,"pivot":{"x":-0.9596607685089111,"y":5.8148908615112309,"z":0.5235148072242737},"rotation":{"x":0.0010148893343284727,"y":-0.9722123146057129,"z":-0.0040661985985934738,"w":-0.23420047760009767},"size":1.4336289167404175,"orthographic":false}