{"cameraMode":{"drawMode":0,"name":"Shaded","section":"Shading Mode"},"sceneLighting":false,"audioPlay":false,"sceneViewState":{"showFog":true,"showMaterialUpdate":false,"showSkybox":false,"showFlares":true,"showImageEffects":true,"showParticleSystems":true},"in2DMode":false,"pivot":{"x":0.05999999865889549,"y":0.699999988079071,"z":397.0150146484375},"rotation":{"x":-0.03893747553229332,"y":-0.5904126167297363,"z":0.028565209358930589,"w":-0.8056902289390564},"size":22.0,"orthographic":false}