{"cameraMode":{"drawMode":0,"name":"Shaded","section":"Shading Mode"},"sceneLighting":false,"audioPlay":false,"sceneViewState":{"showFog":true,"showMaterialUpdate":false,"showSkybox":false,"showFlares":true,"showImageEffects":true,"showParticleSystems":true},"in2DMode":false,"pivot":{"x":-0.39397895336151125,"y":1.0192188024520875,"z":4.95367431640625},"rotation":{"x":-0.024314256384968759,"y":-0.8250924348831177,"z":-0.03568215295672417,"w":0.563399076461792},"size":0.26916202902793887,"orthographic":false}