{"cameraMode":{"drawMode":0,"name":"Shaded","section":"Shading Mode"},"sceneLighting":false,"audioPlay":false,"sceneViewState":{"showFog":true,"showMaterialUpdate":false,"showSkybox":false,"showFlares":true,"showImageEffects":true,"showParticleSystems":true},"in2DMode":false,"pivot":{"x":-0.644567608833313,"y":-0.2113884687423706,"z":0.016926094889640809},"rotation":{"x":0.004787839949131012,"y":-0.9930846691131592,"z":0.0435325913131237,"w":0.10915989428758621},"size":3.055906057357788,"orthographic":false}