{"cameraMode":{"drawMode":0,"name":"Shaded","section":"Shading Mode"},"sceneLighting":false,"audioPlay":false,"sceneViewState":{"showFog":true,"showMaterialUpdate":false,"showSkybox":false,"showFlares":true,"showImageEffects":true,"showParticleSystems":true},"in2DMode":false,"pivot":{"x":0.3575793206691742,"y":0.6237188577651978,"z":398.70281982421877},"rotation":{"x":-0.0024796577636152508,"y":-0.6566916704177856,"z":0.0021916604600846769,"w":-0.7541877627372742},"size":5.7304792404174809,"orthographic":false}