{"cameraMode":{"drawMode":0,"name":"Shaded","section":"Shading Mode"},"sceneLighting":false,"audioPlay":false,"sceneViewState":{"showFog":true,"showMaterialUpdate":false,"showSkybox":false,"showFlares":true,"showImageEffects":true,"showParticleSystems":true},"in2DMode":false,"pivot":{"x":0.9608994722366333,"y":-0.03369061276316643,"z":1.333799958229065},"rotation":{"x":0.12366966903209686,"y":0.6352401971817017,"z":-0.10401984304189682,"w":0.7552364468574524},"size":3.764082193374634,"orthographic":false}