{"cameraMode":{"drawMode":0,"name":"Shaded","section":"Shading Mode"},"sceneLighting":true,"audioPlay":false,"sceneViewState":{"showFog":true,"showMaterialUpdate":false,"showSkybox":true,"showFlares":true,"showImageEffects":true,"showParticleSystems":true},"in2DMode":false,"pivot":{"x":-4.862689971923828,"y":4.410236358642578,"z":-22.174488067626954},"rotation":{"x":0.16091330349445344,"y":0.3254801332950592,"z":-0.056295253336429599,"w":0.9300785064697266},"size":4.8167266845703129,"orthographic":false}