{"cameraMode":{"drawMode":0,"name":"Shaded","section":"Shading Mode"},"sceneLighting":false,"audioPlay":false,"sceneViewState":{"showFog":true,"showMaterialUpdate":false,"showSkybox":false,"showFlares":true,"showImageEffects":true,"showParticleSystems":true},"in2DMode":false,"pivot":{"x":-0.3452419340610504,"y":0.9014143347740173,"z":-0.01813751831650734},"rotation":{"x":0.13685056567192079,"y":0.7556296586990356,"z":-0.16723579168319703,"w":0.6183316111564636},"size":1.9279999732971192,"orthographic":false}