{"cameraMode":{"drawMode":0,"name":"Shaded","section":"Shading Mode"},"sceneLighting":true,"audioPlay":false,"sceneViewState":{"showFog":true,"showMaterialUpdate":false,"showSkybox":true,"showFlares":true,"showImageEffects":true,"showParticleSystems":true},"in2DMode":false,"pivot":{"x":-11.434617042541504,"y":-0.005152702331542969,"z":-29.652647018432618},"rotation":{"x":0.0682409480214119,"y":-0.9299399852752686,"z":0.22344692051410676,"w":0.2840254604816437},"size":22.0,"orthographic":false}