{"cameraMode":{"drawMode":0,"name":"Shaded","section":"Shading Mode"},"sceneLighting":false,"audioPlay":false,"sceneViewState":{"showFog":true,"showMaterialUpdate":false,"showSkybox":false,"showFlares":true,"showImageEffects":true,"showParticleSystems":true},"in2DMode":false,"pivot":{"x":-0.6984780430793762,"y":-4.985603332519531,"z":-24.46463966369629},"rotation":{"x":-0.0035114644560962917,"y":-0.9640212655067444,"z":0.26556578278541567,"w":-0.012732832692563534},"size":27.715511322021486,"orthographic":false}