{"cameraMode":{"drawMode":0,"name":"Shaded","section":"Shading Mode"},"sceneLighting":false,"audioPlay":false,"sceneViewState":{"showFog":true,"showMaterialUpdate":false,"showSkybox":false,"showFlares":true,"showImageEffects":true,"showParticleSystems":true},"in2DMode":false,"pivot":{"x":-0.8799991607666016,"y":4.511684417724609,"z":-9.540000915527344},"rotation":{"x":0.08774156868457794,"y":0.46347787976264956,"z":-0.04617295786738396,"w":0.8805664777755737},"size":170.79739379882813,"orthographic":false}