{"cameraMode":{"drawMode":0,"name":"Shaded","section":"Shading Mode"},"sceneLighting":true,"audioPlay":false,"sceneViewState":{"showFog":true,"showMaterialUpdate":false,"showSkybox":true,"showFlares":true,"showImageEffects":true,"showParticleSystems":true},"in2DMode":false,"pivot":{"x":-2.8459434509277345,"y":-6.63517427444458,"z":102.78429412841797},"rotation":{"x":-0.05577941983938217,"y":0.008398503996431828,"z":-0.0004677856049966067,"w":-0.9984189867973328},"size":136.2593536376953,"orthographic":false}