{"cameraMode":{"drawMode":0,"name":"Shaded","section":"Shading Mode"},"sceneLighting":false,"audioPlay":false,"sceneViewState":{"showFog":true,"showMaterialUpdate":false,"showSkybox":false,"showFlares":true,"showImageEffects":true,"showParticleSystems":true},"in2DMode":false,"pivot":{"x":-0.022216796875,"y":0.6819820404052734,"z":2.242203712463379},"rotation":{"x":-0.2204906940460205,"y":0.009066559374332428,"z":-0.0019409070955589414,"w":-0.9754291772842407},"size":5.36421012878418,"orthographic":false}