{"cameraMode":{"drawMode":0,"name":"Shaded","section":"Shading Mode"},"sceneLighting":true,"audioPlay":false,"sceneViewState":{"showFog":true,"showMaterialUpdate":false,"showSkybox":false,"showFlares":true,"showImageEffects":true,"showParticleSystems":true},"in2DMode":false,"pivot":{"x":-30.270000457763673,"y":3.646998882293701,"z":-6.810001373291016},"rotation":{"x":-0.010503276251256466,"y":0.9862900376319885,"z":-0.14937560260295869,"w":-0.0693507194519043},"size":7.059696674346924,"orthographic":false}